domain,problem,mode,symmetry_class,status,wall_time_seconds,last_completed_phase,total_seconds,problem_reading_seconds,pnf_translation_seconds,symmetry_discovery_seconds,resource_detection_seconds,abstraction_seconds,abstract_pddl_writing_seconds,concrete_fd_seconds,abstract_fd_seconds,fd_search_seconds,concrete_asp_seconds,abstract_asp_seconds,abstract_solving_seconds,abstract_fd_search_seconds,guided_concrete_solving_seconds,extended_concrete_solving_seconds,verdict,plan_valid,relaxed_deletes,relaxed_inequalities,decrements,increments,abstract_plan_length,plan_length,abstract_solve_calls,concrete_solve_calls,problem_object_count,init_predicates_on_class,actions_binding_class,unary_relaxed_deletes,class_deletes,class_inequalities,concrete_sas_variables,concrete_sas_operators,abstract_sas_variables,abstract_sas_operators,shared_initial_state,shared_goal,abstracted_object_count,abstracted_object_type,error_message
bag-barman,prob03.pddl,abs-fd,0,interrupted,643.1882866881788,abstract_pddl_writing,,0.908296637237072,5.020786974579096,,,14.537552885711193,2.605342522263527,,,,,,,,,,,,48,4,,,,,,,28,5,21,0,48,6,,,,,1.0,1.0,2,cocktail,
bag-barman,prob06.pddl,abs-fd,0,interrupted,695.713116645813,abstract_pddl_writing,,1.10816771350801,7.836816008202732,,,21.823875644244254,3.8692510472610593,,,,,,,,,,,,56,4,,,,,,,30,5,25,0,56,8,,,,,1.0,1.0,2,cocktail,
bag-barman,prob09.pddl,abs-fd,0,interrupted,604.4664127789438,abstract_pddl_writing,,1.2389260828495026,11.117850013077259,,,30.851192384958267,5.517265859991312,,,,,,,,,,,,64,4,,,,,,,32,5,29,0,64,10,,,,,1.0,1.0,2,cocktail,
bag-barman,prob11.pddl,abs-fd,0,interrupted,540.2076660059392,abstract_pddl_writing,,1.2421111352741718,10.791648421436548,,,32.71079644933343,4.951027292758226,,,,,,,,,,,,69,6,,,,,,,32,5,29,0,69,10,,,,,1.0,1.0,3,cocktail,
bag-barman,prob12.pddl,abs-fd,0,interrupted,541.1130732670426,abstract_pddl_writing,,1.2352598495781422,11.224324524402618,,,30.961503081023693,5.682826612144709,,,,,,,,,,,,64,4,,,,,,,32,5,29,0,64,10,,,,,1.0,1.0,2,cocktail,
bag-barman,prob13.pddl,abs-fd,0,interrupted,278.43906601145864,abstract_pddl_writing,,1.5950151979923248,19.144960690289736,,,53.775951728224754,9.776516437530518,,,,,,,,,,,,88,4,,,,,,,35,5,41,0,88,14,,,,,1.0,1.0,2,cocktail,
bag-barman,prob14.pddl,abs-fd,0,interrupted,807.2494670934975,abstract_pddl_writing,,1.3938264437019825,19.128874234855175,,,52.950795628130436,9.668233126401901,,,,,,,,,,,,72,4,,,,,,,35,5,33,0,72,12,,,,,1.0,1.0,2,cocktail,
bag-barman,prob14.pddl,abs-fd,1,interrupted,792.3526705903932,abstract_pddl_writing,,1.4247576352208853,19.250007598660886,,,52.415284839458764,9.689306415617466,,,,,,,,,,,,72,4,,,,,,,35,5,33,0,72,12,,,,,1.0,1.0,2,cocktail,
bag-barman,prob15.pddl,abs-fd,0,interrupted,276.2552031725645,abstract_pddl_writing,,1.5869612134993076,18.790787279605865,,,52.24539352580905,9.69327611476183,,,,,,,,,,,,88,4,,,,,,,35,5,41,0,88,14,,,,,1.0,1.0,2,cocktail,
bag-barman,prob16.pddl,abs-fd,0,interrupted,313.94945106934756,abstract_pddl_writing,,1.8051684871315956,19.142377083189785,,,52.44205325655639,9.315518766641617,,,,,,,,,,,,88,4,,,,,,,35,5,41,0,88,14,,,,,1.0,1.0,2,cocktail,
bag-barman,prob16.pddl,abs-fd,1,interrupted,273.24932464864105,abstract_pddl_writing,,1.587939502671361,17.92488286923617,,,51.18517973739654,9.153914510272443,,,,,,,,,,,,88,4,,,,,,,35,5,41,0,88,14,,,,,1.0,1.0,2,cocktail,
bag-barman,prob17.pddl,abs-fd,0,interrupted,403.2740349471569,abstract_pddl_writing,,1.7873189114034176,24.230756100267172,,,68.77939522638917,12.261878728866577,,,,,,,,,,,,80,4,,,,,,,37,5,37,0,80,14,,,,,1.0,1.0,2,cocktail,
bag-barman,prob18.pddl,abs-fd,0,interrupted,398.72771753091365,abstract_pddl_writing,,1.6835801247507334,24.107378833927214,,,68.4923989912495,12.338327502831817,,,,,,,,,,,,80,4,,,,,,,37,5,37,0,80,14,,,,,1.0,1.0,2,cocktail,
bag-barman,prob19.pddl,abs-fd,0,interrupted,403.00374986231327,abstract_pddl_writing,,1.6967258602380753,24.127149425446987,,,68.37951074168086,12.300817262381315,,,,,,,,,,,,80,4,,,,,,,37,5,37,0,80,14,,,,,1.0,1.0,2,cocktail,
bag-barman,prob20.pddl,abs-fd,0,interrupted,832.9924651905894,abstract_pddl_writing,,1.4915797486901283,24.118186812847853,,,73.74704549089074,11.693084318190813,,,,,,,,,,,,85,6,,,,,,,37,5,37,0,85,14,,,,,1.0,1.0,3,cocktail,
bag-barman,prob20.pddl,abs-fd,1,interrupted,358.4460959918797,abstract_pddl_writing,,1.4919991791248322,23.82482785731554,,,68.14218875020742,12.167540054768324,,,,,,,,,,,,80,4,,,,,,,37,5,37,0,80,14,,,,,1.0,1.0,2,cocktail,
bag-gripper,prob02.pddl,abs-fd,0,success,176.64472343027592,total,170.81586,5.087836,0.010534,,,0.904975,37.870899,,,,,,,126.895105,,,unknown,,3,0,,,,,,,113,2,3,1,3,0,,,,,0.8,1.0,5,room,
bag-gripper,prob03.pddl,abs-fd,0,interrupted,912.8077941983938,abstract_pddl_writing,,1.326674130745232,0.004589969292283058,,,0.19687712099403143,2.56953985337168,,,,,,,,,,,,3,0,,,,,,,55,2,3,1,3,0,,,,,0.3333333333333333,1.0,3,room,
bag-gripper,prob04.pddl,abs-fd,0,interrupted,1119.38705842942,abstract_pddl_writing,,4.741215530782938,0.009564854204654694,,,0.6632070094347,32.6067869104445,,,,,,,,,,,,3,0,,,,,,,111,2,3,1,3,0,,,,,0.3333333333333333,1.0,3,room,
bag-gripper,prob05.pddl,abs-fd,0,success,539.7482623457909,total,532.240858,7.460624,0.014822,,,1.095249,73.488357,,,,,,,450.129509,,,unknown,,3,0,,,,,,,136,2,3,1,3,0,,,,,0.666667,1.0,3,room,
bag-gripper,prob06.pddl,abs-fd,0,interrupted,1680.0650998093188,abstract_pddl_writing,,6.2545036226511,0.012196134775876999,,,1.1294910870492458,58.6909910812974,,,,,,,,,,,,3,0,,,,,,,134,2,3,1,3,0,,,,,0.75,1.0,4,room,
bag-gripper,prob07.pddl,abs-fd,0,interrupted,695.432364564389,abstract_pddl_writing,,1.4975484535098076,0.004736751317977905,,,0.23678677901625633,4.402506478130817,,,,,,,,,,,,3,0,,,,,,,65,2,3,1,3,0,,,,,0.3333333333333333,1.0,3,room,
bag-gripper,prob09.pddl,abs-fd,0,success,1300.4338782988489,total,1289.053027,10.973512,0.017552,,,1.97183,116.437224,,,,,,,1159.59084,,,unknown,,3,0,,,,,,,163,2,3,1,3,0,,,,,0.8,1.0,5,room,
bag-gripper,prob10.pddl,abs-fd,0,interrupted,715.8020041696727,abstract_pddl_writing,,5.769676059484482,0.011842407286167145,,,0.8251941539347172,37.8169834241271,,,,,,,,,,,,3,0,,,,,,,115,2,3,1,3,0,,,,,0.3333333333333333,1.0,3,room,
bag-gripper,prob11.pddl,abs-fd,0,interrupted,702.4071718789637,abstract_pddl_writing,,5.304985485970974,0.010922692716121674,,,0.7588268965482712,38.35807528346777,,,,,,,,,,,,3,0,,,,,,,115,2,3,1,3,0,,,,,0.3333333333333333,1.0,3,room,
bag-gripper,prob12.pddl,abs-fd,0,timed out,1800.2935869283974,abstract_pddl_writing,,15.293982617557049,0.026740524917840958,,,2.099559184163809,194.38128492608666,,,,,,,,,,,,3,0,,,,,,,186,2,3,1,3,0,,,,,0.6666666666666666,1.0,3,room,
bag-gripper,prob13.pddl,abs-fd,0,interrupted,1239.0176331847906,abstract_pddl_writing,,7.080166958272457,0.012685112655162811,,,1.2378548793494701,35.58493239060044,,,,,,,,,,,,3,0,,,,,,,114,2,3,1,3,0,,,,,0.75,1.0,4,room,
bag-gripper,prob14.pddl,abs-fd,0,interrupted,681.663166526705,abstract_pddl_writing,,6.931309308856726,0.013563737273216248,,,1.0968335084617138,52.65745948627591,,,,,,,,,,,,3,0,,,,,,,130,2,3,1,3,0,,,,,0.3333333333333333,1.0,3,room,
bag-gripper,prob16.pddl,abs-fd,0,timed out,1800.3344715684652,abstract_pddl_writing,,19.1834534406662,0.028421010822057724,,,3.4240144714713097,270.24142260849476,,,,,,,,,,,,3,0,,,,,,,213,2,3,1,3,0,,,,,0.8,1.0,5,room,
bag-gripper,prob17.pddl,abs-fd,0,interrupted,826.2202109992504,abstract_pddl_writing,,17.364822283387184,0.02944043278694153,,,2.505251247435808,254.29767060279846,,,,,,,,,,,,3,0,,,,,,,205,2,3,1,3,0,,,,,0.3333333333333333,1.0,3,room,
bag-gripper,prob18.pddl,abs-fd,0,interrupted,782.0756300743669,abstract_pddl_writing,,11.387873582541943,0.019576454535126686,,,1.622394991107285,124.0427157972008,,,,,,,,,,,,3,0,,,,,,,165,2,3,1,3,0,,,,,0.3333333333333333,1.0,3,room,
bag-gripper,prob19.pddl,abs-fd,0,timed out,1800.4745427891612,abstract_pddl_writing,,24.34308098629117,0.034996844828128815,,,3.4679014571011066,387.9751885086298,,,,,,,,,,,,3,0,,,,,,,236,2,3,1,3,0,,,,,0.6666666666666666,1.0,3,room,
bag-gripper,prob20.pddl,abs-fd,0,interrupted,1249.541788097471,abstract_pddl_writing,,12.29019857570529,0.021835334599018097,,,2.0091193057596684,71.66999983042479,,,,,,,,,,,,3,0,,,,,,,139,2,3,1,3,0,,,,,0.75,1.0,4,room,
bag-gripper,prob21.pddl,abs-fd,0,interrupted,725.9335520863533,abstract_pddl_writing,,13.62195972725749,0.022457629442214966,,,2.130010198801756,181.4105318263173,,,,,,,,,,,,3,0,,,,,,,190,2,3,1,3,0,,,,,0.3333333333333333,1.0,3,room,
bag-gripper,prob22.pddl,abs-fd,0,success,399.6891627050936,total,393.143066,5.108751,0.010093,,,0.900569,35.458928,,,,,,,351.612904,,,unknown,,3,0,,,,,,,115,2,3,1,3,0,,,,,0.8,1.0,5,room,
bag-gripper,prob23.pddl,abs-fd,0,interrupted,853.2499964758754,abstract_pddl_writing,,1.217246524989605,0.0047893039882183075,,,0.1996346116065979,2.5129345767199993,,,,,,,,,,,,3,0,,,,,,,57,2,3,1,3,0,,,,,0.3333333333333333,1.0,3,room,
bag-gripper,prob24.pddl,abs-fd,0,interrupted,1207.3041344545782,abstract_pddl_writing,,4.066500682383776,0.009956639260053635,,,0.6721537597477436,32.95564092695713,,,,,,,,,,,,3,0,,,,,,,113,2,3,1,3,0,,,,,0.3333333333333333,1.0,3,room,
bag-gripper,prob25.pddl,abs-fd,0,interrupted,1668.5056551136076,abstract_pddl_writing,,1.2196699269115925,0.004812955856323242,,,0.21988870948553085,4.650305435061455,,,,,,,,,,,,3,0,,,,,,,68,2,3,1,3,0,,,,,0.75,1.0,4,room,
bag-transport,prob01.pddl,abs-fd,0,success,7.295170798897743,total,5.469502,0.222754,0.002565,,,0.013067,0.039216,,,,,,,5.083298,,,unknown,,5,0,,,,,,,22,3,3,0,5,0,,,,,0.5,1.0,2,vehicle,
bag-transport,prob02.pddl,abs-fd,0,success,4.161947760730982,total,2.299393,0.305404,0.002496,,,0.013059,0.027869,,,,,,,1.91773,,,unknown,,5,0,,,,,,,22,3,3,0,5,0,,,,,0.5,1.0,2,vehicle,
bag-transport,prob03.pddl,abs-fd,0,success,7.5876652635633945,total,0.542914,0.205771,0.002327,,,0.011551,0.026184,,,,,,,0.273486,,,unknown,,5,0,,,,,,,20,3,3,0,5,0,,,,,0.5,1.0,2,vehicle,
bag-transport,prob04.pddl,abs-fd,0,success,33.6790668964386,total,31.1324,0.325152,0.002454,,,0.015621,0.029668,,,,,,,30.731627,,,unknown,,5,0,,,,,,,25,3,3,0,5,0,,,,,0.5,1.0,2,vehicle,
bag-transport,prob05.pddl,abs-fd,0,success,98.0486237294972,total,95.882388,0.296862,0.002467,,,0.015521,0.034229,,,,,,,95.513697,,,unknown,,5,0,,,,,,,26,3,3,0,5,0,,,,,0.5,1.0,2,vehicle,
bag-transport,prob06.pddl,abs-fd,0,interrupted,1070.6894018910825,abstract_pddl_writing,,0.3652854450047016,0.002788502722978592,,,0.0176682285964489,0.03382835537195206,,,,,,,,,,,,5,0,,,,,,,26,3,3,0,5,0,,,,,0.5,1.0,2,vehicle,
bag-transport,prob07.pddl,abs-fd,0,interrupted,953.8871990442276,abstract_pddl_writing,,0.33405035734176636,0.002692531794309616,,,0.021500423550605774,0.03864814341068268,,,,,,,,,,,,5,0,,,,,,,28,3,3,0,5,0,,,,,0.5,1.0,2,vehicle,
bag-transport,prob08.pddl,abs-fd,0,interrupted,971.802864998579,abstract_pddl_writing,,0.3497851826250553,0.002669934183359146,,,0.022203322499990463,0.035238537937402725,,,,,,,,,,,,5,0,,,,,,,28,3,3,0,5,0,,,,,0.3333333333333333,1.0,3,vehicle,
bag-transport,prob09.pddl,abs-fd,0,interrupted,853.6602166555822,abstract_pddl_writing,,0.38665614277124405,0.002836231142282486,,,0.0220065638422966,0.045901015400886536,,,,,,,,,,,,5,0,,,,,,,29,3,3,0,5,0,,,,,0.5,1.0,2,vehicle,
bag-transport,prob10.pddl,abs-fd,0,interrupted,870.6370742768049,abstract_pddl_writing,,0.3793463036417961,0.0027527473866939545,,,0.02445867657661438,0.03997847065329552,,,,,,,,,,,,5,0,,,,,,,30,3,3,0,5,0,,,,,0.3333333333333333,1.0,3,vehicle,
bag-transport,prob11.pddl,abs-fd,0,interrupted,818.3088286481798,abstract_pddl_writing,,0.36065227910876274,0.0027471333742141724,,,0.02369873970746994,0.046332236379384995,,,,,,,,,,,,5,0,,,,,,,30,3,3,0,5,0,,,,,0.5,1.0,2,vehicle,
bag-transport,prob12.pddl,abs-fd,0,interrupted,780.8978076055646,abstract_pddl_writing,,0.363038744777441,0.0026680603623390198,,,0.025787826627492905,0.0416765920817852,,,,,,,,,,,,5,0,,,,,,,30,3,3,0,5,0,,,,,0.3333333333333333,1.0,3,vehicle,
bag-transport,prob13.pddl,abs-fd,0,interrupted,670.9861730076373,abstract_pddl_writing,,0.36495157331228256,0.0028633885085582733,,,0.021526750177145004,0.04328130930662155,,,,,,,,,,,,5,0,,,,,,,30,3,3,0,5,0,,,,,0.5,1.0,2,vehicle,
bag-transport,prob14.pddl,abs-fd,0,interrupted,667.4065321162343,abstract_pddl_writing,,0.3948027230799198,0.0031386837363243103,,,0.03183778375387192,0.05402273312211037,,,,,,,,,,,,5,0,,,,,,,33,3,3,0,5,0,,,,,0.3333333333333333,1.0,3,vehicle,
bag-transport,prob15.pddl,abs-fd,0,interrupted,625.266822565347,abstract_pddl_writing,,0.39295271039009094,0.002993561327457428,,,0.031953901052474976,0.049689244478940964,,,,,,,,,,,,5,0,,,,,,,32,3,3,0,5,0,,,,,0.5,1.0,2,vehicle,
bag-transport,prob16.pddl,abs-fd,0,interrupted,577.5746942013502,abstract_pddl_writing,,0.39495929703116417,0.006619606167078018,,,0.03199857845902443,0.04874277487397194,,,,,,,,,,,,5,0,,,,,,,33,3,3,0,5,0,,,,,0.3333333333333333,1.0,3,vehicle,
bag-transport,prob17.pddl,abs-fd,0,interrupted,791.3955179313198,abstract_pddl_writing,,0.3721414301544428,0.0028205756098031998,,,0.021305364556610584,0.04693893063813448,,,,,,,,,,,,5,0,,,,,,,30,3,3,0,5,0,,,,,0.5,1.0,2,vehicle,
bag-transport,prob18.pddl,abs-fd,0,interrupted,793.503631491214,abstract_pddl_writing,,0.3773519806563854,0.002841152250766754,,,0.022499822080135345,0.04796778783202171,,,,,,,,,,,,5,0,,,,,,,30,3,3,0,5,0,,,,,0.5,1.0,2,vehicle,
bag-transport,prob19.pddl,abs-fd,0,interrupted,548.6727669835091,abstract_pddl_writing,,0.4245454967021942,0.0028801262378692627,,,0.03421767055988312,0.05180421471595764,,,,,,,,,,,,5,0,,,,,,,35,3,3,0,5,0,,,,,0.3333333333333333,1.0,3,vehicle,
bag-transport,prob20.pddl,abs-fd,0,interrupted,297.9160436205566,abstract_pddl_writing,,1.2783321291208267,0.00532989576458931,,,0.2952144667506218,0.32554029300808907,,,,,,,,,,,,5,0,,,,,,,81,3,3,0,5,0,,,,,0.25,1.0,4,vehicle,
bag-transport,prob21.pddl,abs-fd,0,interrupted,317.1519441381097,abstract_pddl_writing,,1.7208809591829777,0.006297655403614044,,,0.22083299234509468,0.3895695358514786,,,,,,,,,,,,5,0,,,,,,,87,3,3,0,5,0,,,,,0.25,1.0,4,vehicle,
bag-transport,prob22.pddl,abs-fd,0,interrupted,306.556440833956,abstract_pddl_writing,,1.4798434898257256,0.005506087094545364,,,0.21306120231747627,0.3178989104926586,,,,,,,,,,,,5,0,,,,,,,85,3,3,0,5,0,,,,,0.25,1.0,4,vehicle,
bag-transport,prob23.pddl,abs-fd,0,interrupted,338.3200865648687,abstract_pddl_writing,,4.153618965297937,0.009429700672626495,,,0.5275998413562775,1.3616604804992676,,,,,,,,,,,,5,0,,,,,,,170,3,3,0,5,0,,,,,0.25,1.0,4,vehicle,
bag-transport,prob24.pddl,abs-fd,0,interrupted,352.7165958657861,abstract_pddl_writing,,3.8908330723643303,0.00913279876112938,,,0.4794449508190155,1.3805458098649979,,,,,,,,,,,,5,0,,,,,,,167,3,3,0,5,0,,,,,0.25,1.0,4,vehicle,
bag-transport,prob25.pddl,abs-fd,0,interrupted,339.4298726171255,abstract_pddl_writing,,4.16177861019969,0.009682774543762207,,,0.5335637181997299,1.3942841850221157,,,,,,,,,,,,5,0,,,,,,,170,3,3,0,5,0,,,,,0.25,1.0,4,vehicle,
bag-transport,prob26.pddl,abs-fd,0,interrupted,295.23325020074844,abstract_pddl_writing,,5.453870885074139,0.012865513563156128,,,0.8090486638247967,2.810460288077593,,,,,,,,,,,,5,0,,,,,,,238,3,3,0,5,0,,,,,0.25,1.0,4,vehicle,
bag-transport,prob27.pddl,abs-fd,0,interrupted,311.95283642597497,abstract_pddl_writing,,6.77139946911484,0.014245208352804184,,,0.9165665060281754,3.1551238456740975,,,,,,,,,,,,5,0,,,,,,,239,3,3,0,5,0,,,,,0.25,1.0,4,vehicle,
bag-transport,prob28.pddl,abs-fd,0,interrupted,303.02502669766545,abstract_pddl_writing,,6.227865532040596,0.012335389852523804,,,0.8121717572212219,3.0084819942712784,,,,,,,,,,,,5,0,,,,,,,238,3,3,0,5,0,,,,,0.25,1.0,4,vehicle,
bag-transport,prob29.pddl,abs-fd,0,interrupted,295.3288449905813,abstract_pddl_writing,,5.424663305282593,0.01168140396475792,,,0.784773800522089,2.6498057954013348,,,,,,,,,,,,5,0,,,,,,,232,3,3,0,5,0,,,,,0.25,1.0,4,vehicle,
cave-diving,prob01.pddl,abs-fd,0,success,2.3075242154300213,total,0.479713,0.182638,0.002812,,,0.009522,0.01898,,,,,,,0.228025,,,unknown,,9,0,,,,,,,17,2,7,3,9,0,,,,,1.0,1.0,2,diver,
cave-diving,prob02.pddl,abs-fd,0,success,2.2770112846046686,total,0.455646,0.177086,0.00274,,,0.008636,0.018312,,,,,,,0.218102,,,unknown,,9,0,,,,,,,16,2,7,3,9,0,,,,,1.0,1.0,2,diver,
cave-diving,prob03.pddl,abs-fd,0,success,2.493291459977627,total,0.52891,0.185299,0.002875,,,0.008834,0.018566,,,,,,,0.28226,,,unknown,,9,0,,,,,,,15,2,7,3,9,0,,,,,1.0,1.0,2,diver,
cave-diving,prob04.pddl,abs-fd,0,success,2.720055501908064,total,0.433844,0.180681,0.002731,,,0.008258,0.017231,,,,,,,0.207304,,,unknown,,9,0,,,,,,,14,2,7,3,9,0,,,,,1.0,1.0,2,diver,
cave-diving,prob05.pddl,abs-fd,0,success,3.089533105492592,total,0.51653,0.189869,0.002763,,,0.013317,0.016758,,,,,,,0.257513,,,unsolvable,,9,0,,,,,,,12,2,7,3,9,0,,,,,1.0,1.0,2,diver,
cave-diving,prob06.pddl,abs-fd,0,success,4.2577537558972836,total,2.464141,0.1986,0.003089,,,0.013282,0.026278,,,,,,,2.196236,,,unknown,,11,0,,,,,,,28,2,7,5,11,0,,,,,1.0,1.0,4,diver,
cave-diving,prob06.pddl,abs-fd,1,interrupted,425.4959632754326,abstract_pddl_writing,,0.19998445734381676,0.003075800836086273,,,0.01265120878815651,0.030271898955106735,,,,,,,,,,,,2,0,,,,,,,28,1,6,0,3,0,,,,,1.0,1.0,2,location,
cave-diving,prob07.pddl,abs-fd,0,success,51.611360374838114,total,49.572493,0.195789,0.003463,,,0.012504,0.023941,,,,,,,49.317968,,,unknown,,11,0,,,,,,,26,2,7,5,11,0,,,,,1.0,1.0,4,diver,
cave-diving,prob08.pddl,abs-fd,0,success,4.454505395144224,total,2.161378,0.19109,0.003,,,0.011887,0.02092,,,,,,,1.909409,,,unknown,,11,0,,,,,,,22,2,7,5,11,0,,,,,1.0,1.0,4,diver,
cave-diving,prob08.pddl,abs-fd,1,interrupted,395.38679498806596,abstract_pddl_writing,,0.19086702913045883,0.003017894923686981,,,0.011201098561286926,0.023813456296920776,,,,,,,,,,,,2,0,,,,,,,22,1,6,0,3,0,,,,,1.0,1.0,2,location,
cave-diving,prob09.pddl,abs-fd,0,success,4.28011416643858,total,1.439212,0.203368,0.003086,,,0.012205,0.019212,,,,,,,1.169725,,,unknown,,11,0,,,,,,,19,2,7,5,11,0,,,,,1.0,1.0,4,diver,
cave-diving,prob09.pddl,abs-fd,1,interrupted,564.5880313850939,abstract_pddl_writing,,0.19016320258378983,0.0029558613896369934,,,0.011227667331695557,0.021556295454502106,,,,,,,,,,,,2,0,,,,,,,19,1,6,0,3,0,,,,,1.0,1.0,2,location,
cave-diving,prob10.pddl,abs-fd,0,success,2.67526613175869,total,0.45713,0.190949,0.003033,,,0.011378,0.018206,,,,,,,0.214487,,,unsolvable,,11,0,,,,,,,17,2,7,5,11,0,,,,,1.0,1.0,4,diver,
cave-diving,prob11.pddl,abs-fd,0,success,2.481315866112709,total,0.640421,0.199581,0.003067,,,0.013389,0.02669,,,,,,,0.365794,,,unknown,,11,0,,,,,,,28,2,7,5,11,0,,,,,1.0,1.0,4,diver,
cave-diving,prob12.pddl,abs-fd,0,success,2.602707777172327,total,0.561211,0.190358,0.002976,,,0.011941,0.022882,,,,,,,0.313616,,,unknown,,11,0,,,,,,,25,2,7,5,11,0,,,,,1.0,1.0,4,diver,
cave-diving,prob13.pddl,abs-fd,0,success,2.3617575988173485,total,0.569583,0.190543,0.003048,,,0.012577,0.020883,,,,,,,0.307117,,,unknown,,11,0,,,,,,,22,2,7,5,11,0,,,,,1.0,1.0,4,diver,
cave-diving,prob14.pddl,abs-fd,0,success,2.723576348274946,total,0.490186,0.189945,0.002925,,,0.011066,0.018648,,,,,,,0.243628,,,unknown,,11,0,,,,,,,19,2,7,5,11,0,,,,,1.0,1.0,4,diver,
cave-diving,prob15.pddl,abs-fd,0,success,2.5210137106478214,total,0.437311,0.185424,0.002968,,,0.010757,0.017364,,,,,,,0.202334,,,unsolvable,,11,0,,,,,,,16,2,7,5,11,0,,,,,1.0,1.0,4,diver,
cave-diving,prob16.pddl,abs-fd,0,interrupted,724.633425462991,abstract_pddl_writing,,0.33986949548125267,0.00438409298658371,,,0.03954925388097763,0.09788653999567032,,,,,,,,,,,,19,0,,,,,,,71,2,7,13,19,0,,,,,1.0,1.0,12,diver,
cave-diving,prob16.pddl,abs-fd,1,interrupted,330.77309472858906,abstract_pddl_writing,,0.32271192595362663,0.004226230084896088,,,0.021202635020017624,0.11992120742797852,,,,,,,,,,,,2,0,,,,,,,71,1,6,0,3,0,,,,,1.0,1.0,2,location,
cave-diving,prob17.pddl,abs-fd,0,interrupted,715.725480241701,abstract_pddl_writing,,0.33929715026170015,0.0043755872175097466,,,0.03645891882479191,0.06288925837725401,,,,,,,,,,,,19,0,,,,,,,59,2,7,13,19,0,,,,,1.0,1.0,12,diver,
cave-diving,prob17.pddl,abs-fd,1,interrupted,315.3604636006057,abstract_pddl_writing,,0.2968197502195835,0.004139214754104614,,,0.019677061587572098,0.08245453611016273,,,,,,,,,,,,2,0,,,,,,,59,1,6,0,3,0,,,,,1.0,1.0,2,location,
cave-diving,prob18.pddl,abs-fd,0,interrupted,663.2538326457143,abstract_pddl_writing,,0.32683686539530754,0.004338312894105911,,,0.03321437910199165,0.04048816114664078,,,,,,,,,,,,19,0,,,,,,,47,2,7,13,19,0,,,,,1.0,1.0,12,diver,
cave-diving,prob18.pddl,abs-fd,1,interrupted,338.1245758086443,abstract_pddl_writing,,0.3157944828271866,0.004096914082765579,,,0.030848924070596695,0.05679157003760338,,,,,,,,,,,,2,0,,,,,,,47,1,6,0,3,0,,,,,1.0,1.0,2,location,
cave-diving,prob19.pddl,abs-fd,0,interrupted,966.5402631945908,abstract_pddl_writing,,0.33066947385668755,0.00448961928486824,,,0.029918700456619263,0.02686351165175438,,,,,,,,,,,,19,0,,,,,,,35,2,7,13,19,0,,,,,1.0,1.0,12,diver,
cave-diving,prob20.pddl,abs-fd,0,success,2.7612810656428337,total,0.629042,0.309671,0.0042,,,0.027607,0.021535,,,,,,,0.232759,,,unsolvable,,19,0,,,,,,,27,2,7,13,19,0,,,,,1.0,1.0,12,diver,
cave-diving,prob20.pddl,abs-fd,1,interrupted,529.9739248715341,abstract_pddl_writing,,0.31408728286623955,0.0045409537851810455,,,0.016349077224731445,0.03245004266500473,,,,,,,,,,,,2,0,,,,,,,27,1,6,0,3,0,,,,,1.0,1.0,2,location,
cave-diving,prob21.pddl,abs-fd,0,success,4.454120881855488,total,2.257224,0.232982,0.003718,,,0.098894,0.051745,,,,,,,1.839062,,,unknown,,15,0,,,,,,,49,2,7,9,15,0,,,,,1.0,1.0,8,diver,
cave-diving,prob22.pddl,abs-fd,0,success,4.050344467163086,total,1.96467,0.214937,0.003563,,,0.025614,0.089898,,,,,,,1.611952,,,unknown,,15,0,,,,,,,43,2,7,9,15,0,,,,,1.0,1.0,8,diver,
cave-diving,prob23.pddl,abs-fd,0,success,3.4577994495630264,total,1.804103,0.206044,0.003571,,,0.021204,0.036764,,,,,,,1.517076,,,unknown,,15,0,,,,,,,37,2,7,9,15,0,,,,,1.0,1.0,8,diver,
cave-diving,prob24.pddl,abs-fd,0,success,4.588006738573313,total,1.726002,0.224373,0.00351,,,0.019701,0.023265,,,,,,,1.42286,,,unknown,,15,0,,,,,,,28,2,7,9,15,0,,,,,1.0,1.0,8,diver,
cave-diving,prob25.pddl,abs-fd,0,success,2.3813392221927643,total,0.902944,0.195815,0.003444,,,0.018079,0.018539,,,,,,,0.639102,,,unsolvable,,15,0,,,,,,,22,2,7,9,15,0,,,,,1.0,1.0,8,diver,
document-transfer,prob01.pddl,abs-fd,0,success,2.4492599833756685,total,0.607726,0.19187,0.002209,,,0.043874,0.037908,,,,,,,0.301941,,,unknown,,3,0,,,,,,,60,1,3,2,3,0,,,,,0.210526,1.0,19,document,
document-transfer,prob01.pddl,abs-fd,1,interrupted,348.1586412489414,abstract_pddl_writing,,0.20302940160036087,0.0023523755371570587,,,0.03421589359641075,0.046528562903404236,,,,,,,,,,,,3,0,,,,,,,60,2,3,2,3,0,,,,,0.2857142857142857,1.0,14,document,
document-transfer,prob02.pddl,abs-fd,0,success,4.745122142136097,total,1.211429,0.172556,0.001522,,,0.013751,0.019815,,,,,,,0.968136,,,unknown,,3,0,,,,,,,30,2,3,2,3,0,,,,,0.375,1.0,8,document,
document-transfer,prob02.pddl,abs-fd,1,success,3.893971037119627,total,0.546166,0.170785,0.00146,,,0.009885,0.02086,,,,,,,0.304667,,,unknown,,3,0,,,,,,,30,1,3,2,3,0,,,,,0.5,1.0,4,document,
document-transfer,prob03.pddl,abs-fd,0,success,2.4109203033149242,total,0.583198,0.188478,0.002251,,,0.039125,0.032581,,,,,,,0.28774,,,unknown,,3,0,,,,,,,57,1,3,2,3,0,,,,,0.421053,1.0,19,document,
document-transfer,prob03.pddl,abs-fd,1,interrupted,347.13604482263327,abstract_pddl_writing,,0.18066583946347237,0.0020817704498767853,,,0.030838705599308014,0.04002843797206879,,,,,,,,,,,,3,0,,,,,,,57,2,3,2,3,0,,,,,0.21428571428571427,1.0,14,document,
document-transfer,prob04.pddl,abs-fd,0,interrupted,333.67771265655756,abstract_pddl_writing,,0.18339451402425766,0.007262371480464935,,,0.022136155515909195,0.027766689658164978,,,,,,,,,,,,3,0,,,,,,,46,2,3,2,3,0,,,,,0.4166666666666667,1.0,12,document,
document-transfer,prob04.pddl,abs-fd,1,success,3.618826024234295,total,0.58695,0.218768,0.002144,,,0.03432,0.020075,,,,,,,0.282013,,,unknown,,3,0,,,,,,,46,1,3,2,3,0,,,,,0.222222,1.0,18,document,
document-transfer,prob05.pddl,abs-fd,0,success,99.18788648024201,total,96.104892,0.212277,0.001573,,,0.043582,0.045057,,,,,,,95.766359,,,unknown,,3,0,,,,,,,56,2,3,2,3,0,,,,,0.222222,1.0,18,document,
document-transfer,prob05.pddl,abs-fd,1,success,103.99871212616563,total,102.043447,0.182429,0.001907,,,0.01615,0.055964,,,,,,,101.768961,,,unknown,,3,0,,,,,,,56,1,3,2,3,0,,,,,0.25,1.0,4,document,
document-transfer,prob06.pddl,abs-fd,0,success,23.78717464581132,total,21.945608,0.144033,0.001376,,,0.008441,0.011429,,,,,,,21.747341,,,unsolvable,,3,0,,,,,,,21,2,3,2,3,0,,,,,0.375,1.0,8,document,
document-transfer,prob06.pddl,abs-fd,1,success,1.8387599289417267,total,0.352178,0.136532,0.001297,,,0.006152,0.011192,,,,,,,0.172248,,,unknown,,3,0,,,,,,,21,1,3,2,3,0,,,,,0.5,1.0,4,document,
document-transfer,prob07.pddl,abs-fd,0,success,3.774840347468853,total,0.598233,0.216698,0.002603,,,0.047214,0.01506,,,,,,,0.284311,,,unknown,,3,0,,,,,,,49,1,3,2,3,0,,,,,0.321429,1.0,28,document,
document-transfer,prob07.pddl,abs-fd,1,interrupted,347.9390697963536,abstract_pddl_writing,,0.19291862845420837,0.002579227089881897,,,0.017533741891384125,0.029463600367307663,,,,,,,,,,,,3,0,,,,,,,49,2,3,2,3,0,,,,,0.625,1.0,8,document,
document-transfer,prob08.pddl,abs-fd,0,success,2.550005842000246,total,0.529861,0.180725,0.002094,,,0.035694,0.033052,,,,,,,0.26046,,,unknown,,3,0,,,,,,,54,1,3,2,3,0,,,,,0.235294,1.0,17,document,
document-transfer,prob08.pddl,abs-fd,1,interrupted,372.25325821712613,abstract_pddl_writing,,0.19426434114575386,0.0020910613238811493,,,0.027249634265899658,0.04066512733697891,,,,,,,,,,,,3,0,,,,,,,54,2,3,2,3,0,,,,,0.25,1.0,12,document,
document-transfer,prob09.pddl,abs-fd,0,success,2.4786035865545273,total,0.755561,0.191398,0.001869,,,0.013883,0.061888,,,,,,,0.461749,,,unknown,,3,0,,,,,,,61,1,3,2,3,0,,,,,0.5,1.0,2,document,
document-transfer,prob09.pddl,abs-fd,1,interrupted,477.0987786091864,abstract_pddl_writing,,0.19104940071702003,0.001387905329465866,,,0.06641551479697227,0.039198797196149826,,,,,,,,,,,,3,0,,,,,,,61,2,3,2,3,0,,,,,0.15384615384615385,1.0,26,document,
document-transfer,prob10.pddl,abs-fd,0,success,4.19845387712121,total,0.959478,0.233014,0.002212,,,0.061027,0.125832,,,,,,,0.500284,,,unknown,,3,0,,,,,,,69,1,3,2,3,0,,,,,0.235294,1.0,17,document,
document-transfer,prob10.pddl,abs-fd,1,interrupted,330.98828791454434,abstract_pddl_writing,,0.2125076837837696,0.005200821906328201,,,0.07208462432026863,0.09904295206069946,,,,,,,,,,,,3,0,,,,,,,69,2,3,2,3,0,,,,,0.18181818181818182,1.0,22,document,
document-transfer,prob11.pddl,abs-fd,0,success,3.178806216455996,total,0.712384,0.221089,0.002935,,,0.091202,0.033347,,,,,,,0.334935,,,unknown,,3,0,,,,,,,73,1,3,2,3,0,,,,,0.205882,1.0,34,document,
document-transfer,prob11.pddl,abs-fd,1,interrupted,305.80537270754576,abstract_pddl_writing,,0.20518255233764648,0.002936519682407379,,,0.04260123148560524,0.05824889615178108,,,,,,,,,,,,3,0,,,,,,,73,2,3,2,3,0,,,,,0.2,1.0,15,document,
document-transfer,prob12.pddl,abs-fd,0,interrupted,373.3366671167314,abstract_pddl_writing,,0.2341494858264923,0.0017274953424930573,,,0.17680566012859344,0.1365826353430748,,,,,,,,,,,,3,0,,,,,,,91,2,3,2,3,0,,,,,0.06521739130434782,1.0,46,document,
document-transfer,prob12.pddl,abs-fd,1,success,4.196397982537746,total,1.39914,0.23755,0.001692,,,0.029485,0.180902,,,,,,,0.916556,,,unknown,,3,0,,,,,,,91,1,3,2,3,0,,,,,0.25,1.0,4,document,
document-transfer,prob13.pddl,abs-fd,0,interrupted,311.28769970312715,abstract_pddl_writing,,0.16921386867761612,0.0018606297671794891,,,0.02330244705080986,0.029138583689928055,,,,,,,,,,,,3,0,,,,,,,42,2,3,2,3,0,,,,,0.2222222222222222,1.0,9,document,
document-transfer,prob13.pddl,abs-fd,1,success,2.359472030773759,total,0.519854,0.177664,0.006477,,,0.023374,0.025604,,,,,,,0.252348,,,unknown,,3,0,,,,,,,42,1,3,2,3,0,,,,,0.416667,1.0,12,document,
document-transfer,prob14.pddl,abs-fd,0,success,2.5403009094297886,total,0.503027,0.181045,0.00189,,,0.027465,0.026081,,,,,,,0.248939,,,unknown,,3,0,,,,,,,46,1,3,2,3,0,,,,,0.428571,1.0,14,document,
document-transfer,prob14.pddl,abs-fd,1,interrupted,350.4791068844497,abstract_pddl_writing,,0.18435931950807571,0.0022425800561904907,,,0.023408588021993637,0.03152579814195633,,,,,,,,,,,,3,0,,,,,,,46,2,3,2,3,0,,,,,0.2727272727272727,1.0,11,document,
document-transfer,prob15.pddl,abs-fd,0,success,5.160466533154249,total,2.400658,0.365972,0.00179,,,0.038691,0.200692,,,,,,,1.763641,,,unknown,,3,0,,,,,,,126,1,3,2,3,0,,,,,0.25,1.0,4,document,
document-transfer,prob15.pddl,abs-fd,1,interrupted,319.39164106175303,abstract_pddl_writing,,0.316193800419569,0.0017442703247070312,,,0.3835831955075264,0.10687195137143135,,,,,,,,,,,,3,0,,,,,,,126,2,3,2,3,0,,,,,0.07936507936507936,1.0,63,document,
document-transfer,prob16.pddl,abs-fd,0,interrupted,347.0509247854352,abstract_pddl_writing,,0.3459186851978302,0.0019084848463535309,,,0.2917942516505718,0.10536402836441994,,,,,,,,,,,,3,0,,,,,,,115,2,3,2,3,0,,,,,0.09090909090909091,1.0,55,document,
document-transfer,prob16.pddl,abs-fd,1,success,4.5851097740232944,total,2.58675,0.302484,0.001727,,,0.037933,0.17049,,,,,,,2.057439,,,unknown,,3,0,,,,,,,115,1,3,2,3,0,,,,,0.333333,1.0,6,document,
document-transfer,prob17.pddl,abs-fd,0,interrupted,286.75982013344765,abstract_pddl_writing,,0.306735023856163,0.001675620675086975,,,0.2909487448632717,0.10939095541834831,,,,,,,,,,,,3,0,,,,,,,115,2,3,2,3,0,,,,,0.09433962264150944,1.0,53,document,
document-transfer,prob17.pddl,abs-fd,1,success,5.577414061874151,total,2.519759,0.351717,0.001723,,,0.032649,0.184626,,,,,,,1.914583,,,unknown,,3,0,,,,,,,115,1,3,2,3,0,,,,,0.5,1.0,4,document,
document-transfer,prob18.pddl,abs-fd,0,success,3.9507929906249046,total,0.72932,0.213226,0.002213,,,0.041512,0.036753,,,,,,,0.399143,,,unknown,,3,0,,,,,,,61,1,3,2,3,0,,,,,0.222222,1.0,18,document,
document-transfer,prob18.pddl,abs-fd,1,interrupted,345.7836627289653,abstract_pddl_writing,,0.18877196684479713,0.0020825155079364777,,,0.0439215824007988,0.03857724741101265,,,,,,,,,,,,3,0,,,,,,,61,2,3,2,3,0,,,,,0.21052631578947367,1.0,19,document,
document-transfer,prob19.pddl,abs-fd,0,success,2.677771732211113,total,0.411775,0.156802,0.001759,,,0.016338,0.012696,,,,,,,0.207116,,,unknown,,3,0,,,,,,,30,1,3,2,3,0,,,,,0.416667,1.0,12,document,
document-transfer,prob19.pddl,abs-fd,1,interrupted,408.6863640882075,abstract_pddl_writing,,0.16101177036762238,0.0017253048717975616,,,0.01188957691192627,0.017153065651655197,,,,,,,,,,,,3,0,,,,,,,30,2,3,2,3,0,,,,,0.5714285714285714,1.0,7,document,
document-transfer,prob20.pddl,abs-fd,0,interrupted,376.0552895478904,abstract_pddl_writing,,0.23701804876327515,0.07698774710297585,,,0.1919320598244667,0.06664353609085083,,,,,,,,,,,,3,0,,,,,,,97,2,3,2,3,0,,,,,0.12244897959183673,1.0,49,document,
document-transfer,prob20.pddl,abs-fd,1,success,3.7145261615514755,total,1.736457,0.312769,0.001606,,,0.024089,0.188782,,,,,,,1.178016,,,unknown,,3,0,,,,,,,97,1,3,2,3,0,,,,,0.25,1.0,4,document,
over-nomystery,prob01.pddl,abs-fd,0,success,36.27308006584644,total,32.652063,1.060299,0.003323,,,0.137312,2.722069,,,,,,,28.688733,,,unsolvable,,2,0,,,,,,,60,1,2,0,2,0,,,,,0.666667,1.0,3,package,
over-nomystery,prob01.pddl,abs-fd,1,success,15.304812181741,total,13.359101,0.92571,0.003139,,,0.118078,2.5806,,,,,,,9.701869,,,unsolvable,,2,0,,,,,,,60,1,2,0,2,0,,,,,0.5,1.0,2,package,
over-nomystery,prob02.pddl,abs-fd,0,interrupted,520.8911645971239,abstract_pddl_writing,,0.907070979475975,0.0032338080927729607,,,0.10293292813003063,1.9602087875828147,,,,,,,,,,,,2,0,,,,,,,60,1,2,0,2,0,,,,,0.5,1.0,2,package,
over-nomystery,prob02.pddl,abs-fd,1,interrupted,494.2480123862624,abstract_pddl_writing,,0.9016064517199993,0.003259945660829544,,,0.10244598239660263,1.9092267416417599,,,,,,,,,,,,2,0,,,,,,,60,1,2,0,2,0,,,,,0.5,1.0,2,package,
over-nomystery,prob02.pddl,abs-fd,2,interrupted,454.7435626760125,abstract_pddl_writing,,0.9551013680174947,0.0034630224108695984,,,0.10189582593739033,1.9349376494064927,,,,,,,,,,,,2,0,,,,,,,60,1,2,0,2,0,,,,,1.0,1.0,2,package,
over-nomystery,prob03.pddl,abs-fd,0,interrupted,275.2343798466027,abstract_pddl_writing,,2.4730909280478954,0.005911625921726227,,,0.316192664206028,12.683333668857813,,,,,,,,,,,,2,0,,,,,,,101,1,2,0,2,0,,,,,0.5,1.0,2,package,
over-nomystery,prob03.pddl,abs-fd,1,interrupted,284.15979654714465,abstract_pddl_writing,,2.549321472644806,0.005895636975765228,,,0.32207387685775757,12.867044918239117,,,,,,,,,,,,2,0,,,,,,,101,1,2,0,2,0,,,,,0.5,1.0,2,package,
over-nomystery,prob03.pddl,abs-fd,2,interrupted,282.15793477743864,abstract_pddl_writing,,2.5944515764713287,0.005939710885286331,,,0.3243958242237568,13.313111651688814,,,,,,,,,,,,2,0,,,,,,,101,1,2,0,2,0,,,,,1.0,1.0,2,package,
over-nomystery,prob03.pddl,abs-fd,3,interrupted,343.4067045673728,abstract_pddl_writing,,2.653392743319273,0.006205674260854721,,,0.3666924722492695,13.351849604398012,,,,,,,,,,,,2,0,,,,,,,101,1,2,0,2,0,,,,,0.3333333333333333,1.0,3,package,
over-nomystery,prob04.pddl,abs-fd,0,interrupted,350.3018796108663,abstract_pddl_writing,,6.030374687165022,0.012739751487970352,,,1.0695900432765484,55.38286292180419,,,,,,,,,,,,2,0,,,,,,,156,1,2,0,2,0,,,,,0.25,1.0,4,package,
over-nomystery,prob04.pddl,abs-fd,1,interrupted,344.29276844114065,abstract_pddl_writing,,5.8445232436060905,0.012197092175483704,,,0.8143705204129219,54.82958808913827,,,,,,,,,,,,2,0,,,,,,,156,1,2,0,2,0,,,,,0.5,1.0,2,package,
over-nomystery,prob04.pddl,abs-fd,2,interrupted,359.056728836149,abstract_pddl_writing,,6.741685651242733,0.011605367064476013,,,0.8115358054637909,58.882350601255894,,,,,,,,,,,,2,0,,,,,,,156,1,2,0,2,0,,,,,0.5,1.0,2,package,
over-nomystery,prob04.pddl,abs-fd,3,interrupted,357.0823303759098,abstract_pddl_writing,,6.759942952543497,0.011603135615587234,,,0.8286723159253597,55.123561821877956,,,,,,,,,,,,2,0,,,,,,,156,1,2,0,2,0,,,,,0.5,1.0,2,package,
over-nomystery,prob04.pddl,abs-fd,4,interrupted,363.1369695998728,abstract_pddl_writing,,6.709830321371555,0.01190091297030449,,,0.8326276876032352,55.74895755574107,,,,,,,,,,,,2,0,,,,,,,156,1,2,0,2,0,,,,,1.0,1.0,2,package,
over-nomystery,prob04.pddl,abs-fd,5,interrupted,362.4800026435405,abstract_pddl_writing,,6.801715427078307,0.011842653155326843,,,0.8157772701233625,55.92254782933742,,,,,,,,,,,,2,0,,,,,,,156,1,2,0,2,0,,,,,0.5,1.0,2,package,
over-nomystery,prob05.pddl,abs-fd,0,interrupted,321.9431450366974,abstract_pddl_writing,,6.172001406550407,0.013459786772727966,,,0.8449460715055466,59.500391855835915,,,,,,,,,,,,2,0,,,,,,,164,1,2,0,2,0,,,,,0.5,1.0,2,package,
over-nomystery,prob05.pddl,abs-fd,1,interrupted,323.3283904232085,abstract_pddl_writing,,6.4851702861487865,0.01213638111948967,,,0.843672402203083,57.58198069036007,,,,,,,,,,,,2,0,,,,,,,164,1,2,0,2,0,,,,,0.5,1.0,2,package,
over-nomystery,prob05.pddl,abs-fd,2,interrupted,332.5550229884684,abstract_pddl_writing,,6.7989235408604145,0.012445691972970963,,,0.8351870328187943,58.46238934993744,,,,,,,,,,,,2,0,,,,,,,164,1,2,0,2,0,,,,,0.5,1.0,2,package,
over-nomystery,prob05.pddl,abs-fd,3,interrupted,335.5503771044314,abstract_pddl_writing,,6.911159015260637,0.012519016861915588,,,0.9642656361684203,58.35353325959295,,,,,,,,,,,,2,0,,,,,,,164,1,2,0,2,0,,,,,0.6666666666666666,1.0,3,package,
over-nomystery,prob05.pddl,abs-fd,4,interrupted,328.76362251490355,abstract_pddl_writing,,6.114608746021986,0.01214279979467392,,,0.8501106798648834,57.750103302299976,,,,,,,,,,,,2,0,,,,,,,164,1,2,0,2,0,,,,,0.5,1.0,2,package,
over-nomystery,prob06.pddl,abs-fd,0,interrupted,520.7351080514491,abstract_pddl_writing,,4.065004128962755,0.007573030889034271,,,0.5788923427462578,26.42111925780773,,,,,,,,,,,,2,0,,,,,,,108,1,2,0,2,0,,,,,0.6666666666666666,1.0,3,package,
over-nomystery,prob06.pddl,abs-fd,1,interrupted,453.6536976862699,abstract_pddl_writing,,4.043867019936442,0.007595845498144627,,,0.4960226882249117,25.42828897945583,,,,,,,,,,,,2,0,,,,,,,108,1,2,0,2,0,,,,,0.5,1.0,2,package,
over-nomystery,prob07.pddl,abs-fd,0,interrupted,358.53103993088007,abstract_pddl_writing,,2.7908513732254505,0.006276261061429977,,,0.3948352113366127,16.97127204760909,,,,,,,,,,,,2,0,,,,,,,102,1,2,0,2,0,,,,,0.5,1.0,2,package,
over-nomystery,prob07.pddl,abs-fd,1,interrupted,365.2663685642183,abstract_pddl_writing,,2.8061753399670124,0.006373144686222076,,,0.38809359073638916,16.98841016739607,,,,,,,,,,,,2,0,,,,,,,102,1,2,0,2,0,,,,,0.5,1.0,2,package,
over-nomystery,prob07.pddl,abs-fd,2,interrupted,354.6305335946381,abstract_pddl_writing,,2.817142006009817,0.006459075957536697,,,0.3948989138007164,17.120067555457354,,,,,,,,,,,,2,0,,,,,,,102,1,2,0,2,0,,,,,1.0,1.0,2,package,
over-nomystery,prob08.pddl,abs-fd,0,interrupted,415.44686967879534,abstract_pddl_writing,,11.051214955747128,0.017767321318387985,,,1.372732363641262,121.11204629391432,,,,,,,,,,,,2,0,,,,,,,182,1,2,0,2,0,,,,,0.5,1.0,2,package,
over-nomystery,prob08.pddl,abs-fd,1,interrupted,397.791237000376,abstract_pddl_writing,,11.10665299743414,0.0172424279153347,,,1.3611807376146317,120.67425563186407,,,,,,,,,,,,2,0,,,,,,,182,1,2,0,2,0,,,,,0.5,1.0,2,package,
over-nomystery,prob08.pddl,abs-fd,2,interrupted,387.0111009925604,abstract_pddl_writing,,10.428126357495785,0.017825990915298462,,,1.407580055296421,123.14559777081013,,,,,,,,,,,,2,0,,,,,,,182,1,2,0,2,0,,,,,1.0,1.0,2,package,
over-nomystery,prob08.pddl,abs-fd,3,interrupted,371.89042115211487,abstract_pddl_writing,,9.662065029144287,0.017968885600566864,,,1.5940460562705994,117.94472497329116,,,,,,,,,,,,2,0,,,,,,,182,1,2,0,2,0,,,,,0.3333333333333333,1.0,3,package,
over-nomystery,prob09.pddl,abs-fd,0,interrupted,649.4617424467579,abstract_pddl_writing,,29.737959574908018,0.04249354358762503,,,4.691796121187508,532.7402251875028,,,,,,,,,,,,2,0,,,,,,,287,1,2,0,2,0,,,,,0.25,1.0,4,package,
over-nomystery,prob09.pddl,abs-fd,1,interrupted,619.3858187757432,abstract_pddl_writing,,25.96688984334469,0.04650222882628441,,,3.6388993747532368,507.9340717382729,,,,,,,,,,,,2,0,,,,,,,287,1,2,0,2,0,,,,,0.5,1.0,2,package,
over-nomystery,prob09.pddl,abs-fd,2,interrupted,613.1591752767563,abstract_pddl_writing,,26.728816591203213,0.04259821027517319,,,3.6539902836084366,499.2345714829862,,,,,,,,,,,,2,0,,,,,,,287,1,2,0,2,0,,,,,0.5,1.0,2,package,
over-nomystery,prob09.pddl,abs-fd,3,interrupted,633.9182846341282,abstract_pddl_writing,,26.38855271600187,0.04819224774837494,,,3.609990102238953,521.6383945560083,,,,,,,,,,,,2,0,,,,,,,287,1,2,0,2,0,,,,,0.5,1.0,2,package,
over-nomystery,prob09.pddl,abs-fd,4,interrupted,653.6847193799913,abstract_pddl_writing,,30.501274593174458,0.048569075763225555,,,3.665113065391779,534.2389645427465,,,,,,,,,,,,2,0,,,,,,,287,1,2,0,2,0,,,,,1.0,1.0,2,package,
over-nomystery,prob09.pddl,abs-fd,5,interrupted,631.3811411038041,abstract_pddl_writing,,30.123987458646297,0.04383554682135582,,,3.619183775037527,512.9362390041351,,,,,,,,,,,,2,0,,,,,,,287,1,2,0,2,0,,,,,0.5,1.0,2,package,
over-nomystery,prob10.pddl,abs-fd,0,interrupted,646.9190814308822,abstract_pddl_writing,,30.51828431338072,0.042249906808137894,,,3.783355452120304,530.8033575080335,,,,,,,,,,,,2,0,,,,,,,296,1,2,0,2,0,,,,,0.5,1.0,2,package,
over-nomystery,prob10.pddl,abs-fd,1,interrupted,641.8851900994778,abstract_pddl_writing,,27.39309909567237,0.0412348248064518,,,3.716100838035345,529.2840675488114,,,,,,,,,,,,2,0,,,,,,,296,1,2,0,2,0,,,,,0.5,1.0,2,package,
over-nomystery,prob10.pddl,abs-fd,2,interrupted,650.0631482228637,abstract_pddl_writing,,30.752759563736618,0.04301994759589434,,,3.7488478384912014,532.3170552458614,,,,,,,,,,,,2,0,,,,,,,296,1,2,0,2,0,,,,,0.5,1.0,2,package,
over-nomystery,prob10.pddl,abs-fd,3,interrupted,640.0113110914826,abstract_pddl_writing,,27.43698174878955,0.04254291579127312,,,4.25501823797822,525.561153717339,,,,,,,,,,,,2,0,,,,,,,296,1,2,0,2,0,,,,,0.6666666666666666,1.0,3,package,
over-nomystery,prob10.pddl,abs-fd,4,interrupted,650.5191365052015,abstract_pddl_writing,,31.910279665142298,0.04280327819287777,,,3.7470971290022135,532.4726739311591,,,,,,,,,,,,2,0,,,,,,,296,1,2,0,2,0,,,,,0.5,1.0,2,package,
over-nomystery,prob11.pddl,abs-fd,0,interrupted,516.6997494157404,abstract_pddl_writing,,5.405638050287962,0.009483507834374905,,,0.7445403570309281,40.90774950478226,,,,,,,,,,,,2,0,,,,,,,122,1,2,0,2,0,,,,,0.6666666666666666,1.0,3,package,
over-nomystery,prob11.pddl,abs-fd,1,interrupted,448.9516515061259,abstract_pddl_writing,,5.230766870081425,0.009318061172962189,,,0.6498196683824062,38.33648145198822,,,,,,,,,,,,2,0,,,,,,,122,1,2,0,2,0,,,,,0.5,1.0,2,package,
over-nomystery,prob12.pddl,abs-fd,0,interrupted,395.77847227081656,abstract_pddl_writing,,4.359807133674622,0.009034331887960434,,,0.5373199544847012,30.44447413086891,,,,,,,,,,,,2,0,,,,,,,116,1,2,0,2,0,,,,,0.5,1.0,2,package,
over-nomystery,prob12.pddl,abs-fd,1,interrupted,399.1955292150378,abstract_pddl_writing,,4.505648251622915,0.00851806253194809,,,0.546820517629385,30.948099810630083,,,,,,,,,,,,2,0,,,,,,,116,1,2,0,2,0,,,,,0.5,1.0,2,package,
over-nomystery,prob12.pddl,abs-fd,2,interrupted,395.0334817133844,abstract_pddl_writing,,4.601590018719435,0.008418221026659012,,,0.5434281146153808,29.784510497003794,,,,,,,,,,,,2,0,,,,,,,116,1,2,0,2,0,,,,,1.0,1.0,2,package,
over-nomystery,prob13.pddl,abs-fd,0,interrupted,446.2034841263667,abstract_pddl_writing,,15.577842972241342,0.02407644409686327,,,1.8638228541240096,189.93191144615412,,,,,,,,,,,,2,0,,,,,,,207,1,2,0,2,0,,,,,0.5,1.0,2,package,
over-nomystery,prob13.pddl,abs-fd,1,interrupted,453.81556533277035,abstract_pddl_writing,,15.912774875760078,0.024005956947803497,,,1.869596853852272,193.4470912925899,,,,,,,,,,,,2,0,,,,,,,207,1,2,0,2,0,,,,,0.5,1.0,2,package,
over-nomystery,prob13.pddl,abs-fd,2,interrupted,459.3176412805915,abstract_pddl_writing,,16.3326545804739,0.027058422565460205,,,1.9215669743716717,197.40802278369665,,,,,,,,,,,,2,0,,,,,,,207,1,2,0,2,0,,,,,1.0,1.0,2,package,
over-nomystery,prob13.pddl,abs-fd,3,interrupted,461.8192957751453,abstract_pddl_writing,,14.051598776131868,0.026580825448036194,,,2.176550928503275,196.03405483439565,,,,,,,,,,,,2,0,,,,,,,207,1,2,0,2,0,,,,,0.3333333333333333,1.0,3,package,
over-nomystery,prob14.pddl,abs-fd,0,interrupted,724.0888910414651,abstraction,,36.844037583097816,0.05952683091163635,,,6.522693471983075,,,,,,,,,,,,,2,0,,,,,,,328,1,2,0,2,0,,,,,0.25,1.0,4,package,
over-nomystery,prob14.pddl,abs-fd,1,interrupted,759.5827262364328,abstraction,,42.38035121187568,0.06688306480646133,,,4.981614790856838,,,,,,,,,,,,,2,0,,,,,,,328,1,2,0,2,0,,,,,0.5,1.0,2,package,
over-nomystery,prob14.pddl,abs-fd,2,interrupted,744.7754110172391,abstraction,,41.65091221034527,0.0640757568180561,,,4.938260678201914,,,,,,,,,,,,,2,0,,,,,,,328,1,2,0,2,0,,,,,0.5,1.0,2,package,
over-nomystery,prob14.pddl,abs-fd,3,interrupted,738.7136948918924,abstraction,,42.435832388699055,0.05978858657181263,,,4.920535642653704,,,,,,,,,,,,,2,0,,,,,,,328,1,2,0,2,0,,,,,0.5,1.0,2,package,
over-nomystery,prob14.pddl,abs-fd,4,interrupted,714.0352019071579,abstraction,,38.974173095077276,0.057027194648981094,,,4.93508692458272,,,,,,,,,,,,,2,0,,,,,,,328,1,2,0,2,0,,,,,1.0,1.0,2,package,
over-nomystery,prob14.pddl,abs-fd,5,interrupted,730.8590764962137,abstraction,,37.56060032919049,0.06689362227916718,,,5.101462047547102,,,,,,,,,,,,,2,0,,,,,,,328,1,2,0,2,0,,,,,0.5,1.0,2,package,
over-nomystery,prob15.pddl,abs-fd,0,interrupted,764.7209811992943,abstraction,,43.198481161147356,0.06739726290106773,,,5.061135735362768,,,,,,,,,,,,,2,0,,,,,,,338,1,2,0,2,0,,,,,0.5,1.0,2,package,
over-nomystery,prob15.pddl,abs-fd,1,interrupted,715.9915308915079,abstraction,,37.799889009445906,0.06642840802669525,,,5.139103103429079,,,,,,,,,,,,,2,0,,,,,,,338,1,2,0,2,0,,,,,0.5,1.0,2,package,
over-nomystery,prob15.pddl,abs-fd,2,interrupted,741.3950893469155,abstraction,,43.69059566408396,0.06677624210715294,,,5.127297628670931,,,,,,,,,,,,,2,0,,,,,,,338,1,2,0,2,0,,,,,0.5,1.0,2,package,
over-nomystery,prob15.pddl,abs-fd,3,interrupted,716.4890112504363,abstraction,,45.509508833289146,0.05953197926282883,,,5.771552372723818,,,,,,,,,,,,,2,0,,,,,,,338,1,2,0,2,0,,,,,0.6666666666666666,1.0,3,package,
over-nomystery,prob15.pddl,abs-fd,4,interrupted,735.6157381646335,abstraction,,41.25447801873088,0.06701726093888283,,,5.084269680082798,,,,,,,,,,,,,2,0,,,,,,,338,1,2,0,2,0,,,,,0.5,1.0,2,package,
over-nomystery,prob16.pddl,abs-fd,0,interrupted,517.2956168614328,abstract_pddl_writing,,4.874785926192999,0.010580159723758698,,,0.7676395401358604,41.34310622513294,,,,,,,,,,,,2,0,,,,,,,123,1,2,0,2,0,,,,,0.6666666666666666,1.0,3,package,
over-nomystery,prob16.pddl,abs-fd,1,interrupted,429.4502899758518,abstract_pddl_writing,,4.685104925185442,0.009220991283655167,,,0.6656625904142857,37.90586305037141,,,,,,,,,,,,2,0,,,,,,,123,1,2,0,2,0,,,,,0.5,1.0,2,package,
over-nomystery,prob17.pddl,abs-fd,0,interrupted,396.772618887946,abstract_pddl_writing,,4.349214378744364,0.008137166500091553,,,0.5370280100032687,30.27649291139096,,,,,,,,,,,,2,0,,,,,,,116,1,2,0,2,0,,,,,0.5,1.0,2,package,
over-nomystery,prob17.pddl,abs-fd,1,interrupted,391.71860691159964,abstract_pddl_writing,,4.3908783458173275,0.008073627948760986,,,0.5555940456688404,29.54719888046384,,,,,,,,,,,,2,0,,,,,,,116,1,2,0,2,0,,,,,0.5,1.0,2,package,
over-nomystery,prob17.pddl,abs-fd,2,interrupted,395.6942657344043,abstract_pddl_writing,,4.549985133111477,0.00906040146946907,,,0.5422271601855755,30.053430873900652,,,,,,,,,,,,2,0,,,,,,,116,1,2,0,2,0,,,,,1.0,1.0,2,package,
over-nomystery,prob18.pddl,abs-fd,0,interrupted,452.07468507811427,abstract_pddl_writing,,15.647165533155203,0.02407258376479149,,,1.8824968338012695,196.09096078202128,,,,,,,,,,,,2,0,,,,,,,208,1,2,0,2,0,,,,,0.5,1.0,2,package,
over-nomystery,prob18.pddl,abs-fd,1,interrupted,458.75263940915465,abstract_pddl_writing,,15.757614560425282,0.026242747902870178,,,1.9315708354115486,200.37279571592808,,,,,,,,,,,,2,0,,,,,,,208,1,2,0,2,0,,,,,0.5,1.0,2,package,
over-nomystery,prob18.pddl,abs-fd,2,interrupted,440.16412510722876,abstract_pddl_writing,,13.903799153864384,0.023750267922878265,,,1.8766746670007706,191.10417279228568,,,,,,,,,,,,2,0,,,,,,,208,1,2,0,2,0,,,,,1.0,1.0,2,package,
over-nomystery,prob18.pddl,abs-fd,3,interrupted,456.40277333930135,abstract_pddl_writing,,13.860432878136635,0.02264561876654625,,,2.1740338169038296,186.18746135756373,,,,,,,,,,,,2,0,,,,,,,208,1,2,0,2,0,,,,,0.3333333333333333,1.0,3,package,
over-nomystery,prob19.pddl,abs-fd,0,interrupted,747.0174811892211,abstraction,,43.06484796106815,0.0600636750459671,,,6.505603842437267,,,,,,,,,,,,,2,0,,,,,,,330,1,2,0,2,0,,,,,0.25,1.0,4,package,
over-nomystery,prob19.pddl,abs-fd,1,interrupted,735.4018394313753,abstraction,,42.70889284089208,0.0682324506342411,,,5.0930678807199,,,,,,,,,,,,,2,0,,,,,,,330,1,2,0,2,0,,,,,0.5,1.0,2,package,
over-nomystery,prob19.pddl,abs-fd,2,interrupted,730.2414937950671,abstraction,,43.02383752912283,0.057968586683273315,,,4.995041336864233,,,,,,,,,,,,,2,0,,,,,,,330,1,2,0,2,0,,,,,0.5,1.0,2,package,
over-nomystery,prob19.pddl,abs-fd,3,interrupted,708.906965223141,abstraction,,43.05126279126853,0.057357124984264374,,,5.069376066327095,,,,,,,,,,,,,2,0,,,,,,,330,1,2,0,2,0,,,,,0.5,1.0,2,package,
over-nomystery,prob19.pddl,abs-fd,4,interrupted,722.9067312963307,abstraction,,42.700693394988775,0.059816889464855194,,,5.03438463434577,,,,,,,,,,,,,2,0,,,,,,,330,1,2,0,2,0,,,,,1.0,1.0,2,package,
over-nomystery,prob19.pddl,abs-fd,5,interrupted,739.9174427352846,abstraction,,37.340552628040314,0.06551183387637138,,,5.129147510975599,,,,,,,,,,,,,2,0,,,,,,,330,1,2,0,2,0,,,,,0.5,1.0,2,package,
over-nomystery,prob20.pddl,abs-fd,0,interrupted,749.3928226232529,abstraction,,44.3149036988616,0.06518206372857094,,,5.175866946578026,,,,,,,,,,,,,2,0,,,,,,,340,1,2,0,2,0,,,,,0.5,1.0,2,package,
over-nomystery,prob20.pddl,abs-fd,1,interrupted,734.2626760005951,abstraction,,44.54601861163974,0.05739380791783333,,,5.165097005665302,,,,,,,,,,,,,2,0,,,,,,,340,1,2,0,2,0,,,,,0.5,1.0,2,package,
over-nomystery,prob20.pddl,abs-fd,2,interrupted,716.6808822676539,abstraction,,38.0115754455328,0.0571901910007,,,5.123889297246933,,,,,,,,,,,,,2,0,,,,,,,340,1,2,0,2,0,,,,,0.5,1.0,2,package,
over-nomystery,prob20.pddl,abs-fd,3,interrupted,716.2303207609802,abstraction,,43.532759186811745,0.056036646477878094,,,5.85096259880811,,,,,,,,,,,,,2,0,,,,,,,340,1,2,0,2,0,,,,,0.6666666666666666,1.0,3,package,
over-nomystery,prob20.pddl,abs-fd,4,interrupted,769.3957907408476,abstraction,,45.452788818627596,0.06522563472390175,,,5.168895125389099,,,,,,,,,,,,,2,0,,,,,,,340,1,2,0,2,0,,,,,0.5,1.0,2,package,
over-nomystery,prob21.pddl,abs-fd,0,interrupted,457.1033749356866,abstract_pddl_writing,,7.079210575670004,0.013227265328168869,,,1.0258000381290913,62.87947769090533,,,,,,,,,,,,2,0,,,,,,,141,1,2,0,2,0,,,,,0.3333333333333333,1.0,3,package,
over-nomystery,prob21.pddl,abs-fd,1,interrupted,422.0267995260656,abstract_pddl_writing,,6.289239224046469,0.013000670820474625,,,0.8925332576036453,60.804637119174004,,,,,,,,,,,,2,0,,,,,,,141,1,2,0,2,0,,,,,0.5,1.0,2,package,
over-nomystery,prob22.pddl,abs-fd,0,interrupted,421.44691390916705,abstract_pddl_writing,,10.346385527402163,0.016605626791715622,,,1.2650865353643894,106.49580402672291,,,,,,,,,,,,2,0,,,,,,,167,1,2,0,2,0,,,,,0.5,1.0,2,package,
over-nomystery,prob22.pddl,abs-fd,1,interrupted,354.92045709863305,abstract_pddl_writing,,10.402406349778175,0.018140088766813278,,,1.2629458718001842,107.59669044241309,,,,,,,,,,,,2,0,,,,,,,167,1,2,0,2,0,,,,,1.0,1.0,2,package,
over-nomystery,prob23.pddl,abs-fd,0,interrupted,583.6969820000231,abstract_pddl_writing,,19.879892816767097,0.03711846377700567,,,3.5264090225100517,342.4769149161875,,,,,,,,,,,,2,0,,,,,,,243,1,2,0,2,0,,,,,0.5,1.0,4,package,
over-nomystery,prob23.pddl,abs-fd,1,interrupted,556.1090998388827,abstract_pddl_writing,,19.847550962120295,0.03380344435572624,,,2.7437933050096035,333.29504681378603,,,,,,,,,,,,2,0,,,,,,,243,1,2,0,2,0,,,,,0.5,1.0,2,package,
over-nomystery,prob23.pddl,abs-fd,2,interrupted,558.9249736070633,abstract_pddl_writing,,23.10131911188364,0.03470740467309952,,,2.766341984272003,332.091845870018,,,,,,,,,,,,2,0,,,,,,,243,1,2,0,2,0,,,,,0.5,1.0,2,package,
over-nomystery,prob23.pddl,abs-fd,3,interrupted,557.7198075018823,abstract_pddl_writing,,24.140420254319906,0.0345650315284729,,,2.729340258985758,331.6633901707828,,,,,,,,,,,,2,0,,,,,,,243,1,2,0,2,0,,,,,0.5,1.0,2,package,
over-nomystery,prob24.pddl,abs-fd,0,interrupted,735.4282272383571,abstraction,,38.995702870190144,0.0575239397585392,,,4.7100311778485775,,,,,,,,,,,,,2,0,,,,,,,314,1,2,0,2,0,,,,,0.5,1.0,2,package,
over-nomystery,prob24.pddl,abs-fd,1,interrupted,716.8360686041415,abstraction,,34.7256517149508,0.05312284454703331,,,4.726674892008305,,,,,,,,,,,,,2,0,,,,,,,314,1,2,0,2,0,,,,,0.5,1.0,2,package,
over-nomystery,prob24.pddl,abs-fd,2,interrupted,701.0304036736488,abstraction,,35.299688920378685,0.053076278418302536,,,6.040440607815981,,,,,,,,,,,,,2,0,,,,,,,314,1,2,0,2,0,,,,,0.25,1.0,4,package,
over-rovers,prob01.pddl,abs-fd,0,success,8.254275001585484,total,5.046224,0.759325,0.005284,,,0.093083,1.37259,,,,,,,2.780886,,,unsolvable,,0,0,,,,,,,56,2,3,0,0,0,,,,,1.0,1.0,2,objective,
over-rovers,prob02.pddl,abs-fd,0,success,8.005563881248236,total,5.004807,0.789671,0.005335,,,0.091906,1.352799,,,,,,,2.72582,,,unsolvable,,0,0,,,,,,,56,2,3,0,0,0,,,,,1.0,1.0,2,objective,
over-rovers,prob04.pddl,abs-fd,0,success,22.65000448934734,total,19.308147,1.45343,0.006525,,,0.181165,4.373787,,,,,,,13.259031,,,unsolvable,,1,0,,,,,,,76,3,2,0,1,0,,,,,1.0,1.0,2,camera,
over-rovers,prob05.pddl,abs-fd,0,success,8.4099136069417,total,5.987127,0.689027,0.005266,,,0.08542,0.612897,,,,,,,4.558257,,,unsolvable,,1,0,,,,,,,56,3,2,0,1,0,,,,,1.0,1.0,3,camera,
over-rovers,prob06.pddl,abs-fd,0,success,1044.0933638885617,total,1041.838938,1.355792,0.006341,,,0.181936,3.702563,,,,,,,1036.54812,,,unsolvable,,1,0,,,,,,,79,3,2,0,1,0,,,,,1.0,1.0,2,camera,
over-rovers,prob06.pddl,abs-fd,1,success,1047.2007061243057,total,1043.935303,1.364401,0.006177,,,0.179705,3.709868,,,,,,,1038.638566,,,unsolvable,,1,0,,,,,,,79,3,2,0,1,0,,,,,1.0,1.0,2,camera,
over-rovers,prob07.pddl,abs-fd,0,interrupted,900.7415984040126,abstract_pddl_writing,,3.1395633267238736,0.008664132095873356,,,0.3863102160394192,14.557523255236447,,,,,,,,,,,,1,0,,,,,,,111,3,2,0,1,0,,,,,1.0,1.0,2,camera,
over-rovers,prob07.pddl,abs-fd,1,interrupted,956.2173572592437,abstract_pddl_writing,,3.1774783320724964,0.008707426488399506,,,0.38884231075644493,14.399479694664478,,,,,,,,,,,,1,0,,,,,,,111,3,2,0,1,0,,,,,1.0,1.0,2,camera,
over-rovers,prob08.pddl,abs-fd,0,success,24.727106098085642,total,20.912411,1.149919,0.005709,,,0.128893,1.666007,,,,,,,17.924377,,,unsolvable,,1,0,,,,,,,73,3,2,0,1,0,,,,,1.0,1.0,2,camera,
over-rovers,prob09.pddl,abs-fd,0,success,39.50627990439534,total,37.457005,0.765234,0.00526,,,0.107963,0.820607,,,,,,,35.715158,,,unsolvable,,1,0,,,,,,,66,3,2,0,1,0,,,,,1.0,1.0,3,camera,
over-rovers,prob10.pddl,abs-fd,0,success,899.9141878969967,total,897.3931,1.662012,0.006526,,,0.208698,4.100635,,,,,,,891.378798,,,unsolvable,,1,0,,,,,,,91,3,2,0,1,0,,,,,1.0,1.0,2,camera,
over-rovers,prob10.pddl,abs-fd,1,success,381.27747265808284,total,377.780917,1.693685,0.006794,,,0.214088,4.291184,,,,,,,371.532167,,,unsolvable,,1,0,,,,,,,91,3,2,0,1,0,,,,,1.0,1.0,2,camera,
over-rovers,prob11.pddl,abs-fd,0,interrupted,858.2150024212897,abstract_pddl_writing,,1.1585897170007229,0.006050482392311096,,,0.14344672113656998,1.8276334181427956,,,,,,,,,,,,1,0,,,,,,,81,3,2,0,1,0,,,,,1.0,1.0,2,camera,
over-rovers,prob11.pddl,abs-fd,1,interrupted,793.6365028806031,abstract_pddl_writing,,1.150913067162037,0.006087474524974823,,,0.1420922502875328,1.8486719988286495,,,,,,,,,,,,1,0,,,,,,,81,3,2,0,1,0,,,,,1.0,1.0,2,camera,
over-rovers,prob12.pddl,abs-fd,0,interrupted,866.4316754601896,abstract_pddl_writing,,1.506208848208189,0.006711304187774658,,,0.21360206976532936,4.06243621557951,,,,,,,,,,,,1,0,,,,,,,95,3,2,0,1,0,,,,,1.0,1.0,2,camera,
over-rovers,prob12.pddl,abs-fd,1,interrupted,840.6883327625692,abstract_pddl_writing,,1.593600545078516,0.0065598264336586,,,0.21562815457582474,4.036603894084692,,,,,,,,,,,,1,0,,,,,,,95,3,2,0,1,0,,,,,1.0,1.0,2,camera,
over-rovers,prob12.pddl,abs-fd,2,interrupted,894.1299092210829,abstract_pddl_writing,,1.6839600764214993,0.006567981094121933,,,0.21218514814972878,4.03341007232666,,,,,,,,,,,,1,0,,,,,,,95,3,2,0,1,0,,,,,1.0,1.0,2,camera,
over-rovers,prob13.pddl,abs-fd,0,interrupted,856.6491952389479,abstract_pddl_writing,,3.266693163663149,0.00901767611503601,,,0.40600303560495377,13.852104425430298,,,,,,,,,,,,1,0,,,,,,,124,3,2,0,1,0,,,,,1.0,1.0,2,camera,
over-rovers,prob13.pddl,abs-fd,1,interrupted,859.6503966040909,abstract_pddl_writing,,3.210413821041584,0.008972149342298508,,,0.40522005409002304,13.822544906288385,,,,,,,,,,,,1,0,,,,,,,124,3,2,0,1,0,,,,,1.0,1.0,2,camera,
over-rovers,prob13.pddl,abs-fd,2,interrupted,850.809851564467,abstract_pddl_writing,,2.9426149278879166,0.00875796377658844,,,0.40460699051618576,13.306200608611107,,,,,,,,,,,,1,0,,,,,,,124,3,2,0,1,0,,,,,1.0,1.0,2,camera,
over-rovers,prob14.pddl,abs-fd,0,interrupted,799.3876771144569,abstract_pddl_writing,,2.2856427170336246,0.007807400077581406,,,0.4221133626997471,8.879922866821289,,,,,,,,,,,,1,0,,,,,,,115,3,2,0,1,0,,,,,1.0,1.0,4,camera,
over-rovers,prob14.pddl,abs-fd,1,interrupted,930.813813213259,abstract_pddl_writing,,2.5456956028938293,0.007807452231645584,,,0.32535460591316223,9.120516676455736,,,,,,,,,,,,1,0,,,,,,,115,3,2,0,1,0,,,,,1.0,1.0,2,camera,
over-rovers,prob14.pddl,abs-fd,2,interrupted,944.0715475976467,abstract_pddl_writing,,2.4698644131422043,0.008166342973709106,,,0.3337208479642868,9.216243162751198,,,,,,,,,,,,1,0,,,,,,,115,3,2,0,1,0,,,,,1.0,1.0,2,camera,
over-rovers,prob15.pddl,abs-fd,0,interrupted,837.4061772376299,abstract_pddl_writing,,3.3890087343752384,0.00915844738483429,,,0.48695211857557297,15.20972130075097,,,,,,,,,,,,1,0,,,,,,,130,3,2,0,1,0,,,,,1.0,1.0,3,camera,
over-rovers,prob15.pddl,abs-fd,1,interrupted,707.3686510957778,abstract_pddl_writing,,3.1961074359714985,0.009280182421207428,,,0.4324864521622658,14.59119039401412,,,,,,,,,,,,1,0,,,,,,,130,3,2,0,1,0,,,,,1.0,1.0,2,camera,
over-rovers,prob16.pddl,abs-fd,0,interrupted,947.9881697902456,abstract_pddl_writing,,4.2677925154566765,0.010417460463941097,,,0.5275162281468511,21.748029647395015,,,,,,,,,,,,1,0,,,,,,,141,3,2,0,1,0,,,,,1.0,1.0,2,camera,
over-rovers,prob16.pddl,abs-fd,1,interrupted,943.8996705673635,abstract_pddl_writing,,4.221042279154062,0.011082697659730911,,,0.5271410308778286,22.546839602291584,,,,,,,,,,,,1,0,,,,,,,141,3,2,0,1,0,,,,,1.0,1.0,2,camera,
over-rovers,prob16.pddl,abs-fd,2,interrupted,961.275874260813,abstract_pddl_writing,,4.426482006907463,0.010212752968072891,,,0.5833452567458153,21.35725512728095,,,,,,,,,,,,1,0,,,,,,,141,3,2,0,1,0,,,,,1.0,1.0,3,camera,
over-rovers,prob17.pddl,abs-fd,0,interrupted,825.4506935477257,abstract_pddl_writing,,1.8310587480664253,0.007199607789516449,,,0.22574400156736374,3.6934518106281757,,,,,,,,,,,,1,0,,,,,,,106,3,2,0,1,0,,,,,1.0,1.0,2,camera,
over-rovers,prob17.pddl,abs-fd,1,interrupted,867.2121890084818,abstract_pddl_writing,,1.8106052074581385,0.007297895848751068,,,0.22799286898225546,3.7982191536575556,,,,,,,,,,,,1,0,,,,,,,106,3,2,0,1,0,,,,,1.0,1.0,2,camera,
over-rovers,prob17.pddl,abs-fd,2,interrupted,842.9338213987648,abstract_pddl_writing,,1.8156227320432663,0.007207959890365601,,,0.23079309612512589,3.6691664047539234,,,,,,,,,,,,1,0,,,,,,,106,3,2,0,1,0,,,,,1.0,1.0,2,camera,
over-rovers,prob17.pddl,abs-fd,3,interrupted,960.2723407223821,abstract_pddl_writing,,1.8213471062481403,0.00720658153295517,,,0.25953201949596405,3.6923056207597256,,,,,,,,,,,,1,0,,,,,,,106,3,2,0,1,0,,,,,1.0,1.0,3,camera,
over-rovers,prob18.pddl,abs-fd,0,interrupted,713.5729789882898,abstract_pddl_writing,,5.55323937907815,0.01263449713587761,,,0.7795863263309002,34.08102138340473,,,,,,,,,,,,1,0,,,,,,,160,3,2,0,1,0,,,,,1.0,1.0,3,camera,
over-rovers,prob18.pddl,abs-fd,1,interrupted,696.2909121438861,abstract_pddl_writing,,5.4875201135873795,0.013445805758237839,,,0.7890210635960102,35.80896334350109,,,,,,,,,,,,1,0,,,,,,,160,3,2,0,1,0,,,,,1.0,1.0,3,camera,
over-rovers,prob18.pddl,abs-fd,2,interrupted,710.8171927072108,abstract_pddl_writing,,5.519484769552946,0.012549661099910736,,,0.6857731118798256,33.73259672150016,,,,,,,,,,,,1,0,,,,,,,160,3,2,0,1,0,,,,,1.0,1.0,2,camera,
over-rovers,prob18.pddl,abs-fd,3,interrupted,684.6296229511499,abstract_pddl_writing,,5.6573484763503075,0.012782402336597443,,,0.7066600285470486,34.159277714788914,,,,,,,,,,,,1,0,,,,,,,160,3,2,0,1,0,,,,,1.0,1.0,2,camera,
over-rovers,prob19.pddl,abs-fd,0,interrupted,925.8921298086643,abstract_pddl_writing,,3.3823516480624676,0.009470324963331223,,,0.49277132749557495,14.49416046589613,,,,,,,,,,,,1,0,,,,,,,137,3,2,0,1,0,,,,,1.0,1.0,3,camera,
over-rovers,prob19.pddl,abs-fd,1,interrupted,947.1898564063013,abstract_pddl_writing,,3.4095073007047176,0.009537767618894577,,,0.4901268891990185,14.51724636554718,,,,,,,,,,,,1,0,,,,,,,137,3,2,0,1,0,,,,,1.0,1.0,3,camera,
over-rovers,prob19.pddl,abs-fd,2,interrupted,788.9494601972401,abstract_pddl_writing,,3.00854330137372,0.009114526212215424,,,0.4364425539970398,13.681640308350325,,,,,,,,,,,,1,0,,,,,,,137,3,2,0,1,0,,,,,1.0,1.0,2,camera,
over-rovers,prob19.pddl,abs-fd,3,interrupted,812.2545880451798,abstract_pddl_writing,,3.0658300817012787,0.009132832288742065,,,0.42634217441082,13.885297749191523,,,,,,,,,,,,1,0,,,,,,,137,3,2,0,1,0,,,,,1.0,1.0,2,camera,
over-rovers,prob20.pddl,abs-fd,0,interrupted,926.1439284011722,abstract_pddl_writing,,3.4332710281014442,0.009286735206842422,,,0.4929056949913502,14.22889705374837,,,,,,,,,,,,1,0,,,,,,,137,3,2,0,1,0,,,,,1.0,1.0,3,camera,
over-rovers,prob20.pddl,abs-fd,1,interrupted,817.6528655737638,abstract_pddl_writing,,3.0071429796516895,0.0090438611805439,,,0.4816421642899513,13.399173866957426,,,,,,,,,,,,1,0,,,,,,,137,3,2,0,1,0,,,,,1.0,1.0,3,camera,
over-rovers,prob20.pddl,abs-fd,2,interrupted,821.9684195602313,abstract_pddl_writing,,3.4102809419855475,0.009346847422420979,,,0.4367927052080631,14.174270508810878,,,,,,,,,,,,1,0,,,,,,,137,3,2,0,1,0,,,,,1.0,1.0,2,camera,
over-rovers,prob20.pddl,abs-fd,3,interrupted,826.0748788164929,abstract_pddl_writing,,3.430104020051658,0.00928225927054882,,,0.4247976476326585,14.330471319146454,,,,,,,,,,,,1,0,,,,,,,137,3,2,0,1,0,,,,,1.0,1.0,2,camera,
tetris,prob06.pddl,abs-fd,0,interrupted,663.4691168107092,abstract_pddl_writing,,0.29221995919942856,0.6640007048845291,,,2.081228170543909,0.8278569504618645,,,,,,,,,,,,1,0,,,,,,,29,1,1,0,1,0,,,,,0.5,1.0,2,one_square,
tetris,prob06.pddl,abs-fd,1,interrupted,655.8036692049354,abstract_pddl_writing,,0.2852594871073961,0.6397965447977185,,,2.0526407519355416,0.7983796149492264,,,,,,,,,,,,1,0,,,,,,,29,1,1,0,1,0,,,,,0.5,1.0,2,two_straight,
tetris,prob07.pddl,abs-fd,0,interrupted,679.070209570229,abstract_pddl_writing,,0.3364749476313591,0.6549495123326778,,,2.0350766852498055,0.8184787034988403,,,,,,,,,,,,1,0,,,,,,,29,1,1,0,1,0,,,,,0.5,1.0,2,one_square,
tetris,prob07.pddl,abs-fd,1,interrupted,676.0997396744788,abstract_pddl_writing,,0.33313608542084694,0.6536102406680584,,,2.053062055259943,0.8240151107311249,,,,,,,,,,,,1,0,,,,,,,29,1,1,0,1,0,,,,,0.5,1.0,2,two_straight,
tetris,prob08.pddl,abs-fd,0,interrupted,653.6337487027049,abstract_pddl_writing,,0.28612834215164185,0.6432222202420235,,,2.0653089843690395,0.8038907237350941,,,,,,,,,,,,1,0,,,,,,,29,1,1,0,1,0,,,,,0.5,1.0,2,one_square,
tetris,prob08.pddl,abs-fd,1,interrupted,677.672110632062,abstract_pddl_writing,,0.28785187378525734,0.645321786403656,,,2.1123975440859795,0.8045352287590504,,,,,,,,,,,,1,0,,,,,,,29,1,1,0,1,0,,,,,0.5,1.0,2,two_straight,
tetris,prob09.pddl,abs-fd,0,interrupted,678.7172876140103,abstract_pddl_writing,,0.3339195838198066,0.6487848469987512,,,2.0371702443808317,0.8216311223804951,,,,,,,,,,,,1,0,,,,,,,29,1,1,0,1,0,,,,,0.5,1.0,2,one_square,
tetris,prob09.pddl,abs-fd,1,interrupted,668.7041666917503,abstract_pddl_writing,,0.28590716421604156,0.6467040479183197,,,2.0231585688889027,0.802997887134552,,,,,,,,,,,,1,0,,,,,,,29,1,1,0,1,0,,,,,0.5,1.0,2,two_straight,
tetris,prob10.pddl,abs-fd,0,interrupted,675.9520436599851,abstract_pddl_writing,,0.33701204508543015,0.6594327986240387,,,2.0438678562641144,0.8096156567335129,,,,,,,,,,,,1,0,,,,,,,29,1,1,0,1,0,,,,,0.5,1.0,2,one_square,
tetris,prob10.pddl,abs-fd,1,interrupted,677.0306108109653,abstract_pddl_writing,,0.3350919894874096,0.6779303513467312,,,2.0483545772731304,0.8243558444082737,,,,,,,,,,,,1,0,,,,,,,29,1,1,0,1,0,,,,,0.5,1.0,2,two_straight,
tetris,prob11.pddl,abs-fd,0,interrupted,654.5494592227042,abstract_pddl_writing,,0.29732001945376396,1.187986183911562,,,3.5845450907945633,0.811832845211029,,,,,,,,,,,,4,0,,,,,,,31,1,4,0,4,0,,,,,0.5,1.0,2,right_l,
tetris,prob11.pddl,abs-fd,1,interrupted,680.6931495591998,abstract_pddl_writing,,0.3217192776501179,1.159252006560564,,,4.107907064259052,1.1123534254729748,,,,,,,,,,,,1,0,,,,,,,31,1,1,0,1,0,,,,,0.3333333333333333,1.0,3,one_square,
tetris,prob11.pddl,abs-fd,2,interrupted,680.3385040126741,abstract_pddl_writing,,0.32809532806277275,1.271834161132574,,,3.875213399529457,1.14716237783432,,,,,,,,,,,,1,0,,,,,,,31,1,1,0,1,0,,,,,0.5,1.0,2,two_straight,
tetris,prob12.pddl,abs-fd,0,interrupted,678.6985556026921,abstract_pddl_writing,,0.32363702170550823,1.2146930433809757,,,3.6605301424860954,0.8368858238682151,,,,,,,,,,,,4,0,,,,,,,31,1,4,0,4,0,,,,,0.5,1.0,2,right_l,
tetris,prob12.pddl,abs-fd,1,interrupted,666.1471757180989,abstract_pddl_writing,,0.2765897139906883,1.1377879045903683,,,4.078515164554119,1.100110735744238,,,,,,,,,,,,1,0,,,,,,,31,1,1,0,1,0,,,,,0.3333333333333333,1.0,3,one_square,
tetris,prob12.pddl,abs-fd,2,interrupted,681.2226299084723,abstract_pddl_writing,,0.33374177664518356,1.2013349458575249,,,3.748234637081623,1.1409518383443356,,,,,,,,,,,,1,0,,,,,,,31,1,1,0,1,0,,,,,0.5,1.0,2,two_straight,
tetris,prob13.pddl,abs-fd,0,interrupted,646.723530610092,abstract_pddl_writing,,0.2861035820096731,1.1954147620126605,,,3.6371947256848216,0.8247270323336124,,,,,,,,,,,,4,0,,,,,,,31,1,4,0,4,0,,,,,0.5,1.0,2,right_l,
tetris,prob13.pddl,abs-fd,1,interrupted,650.2592644095421,abstract_pddl_writing,,0.2939400486648083,1.184470109641552,,,4.0630397498607635,1.1293589994311333,,,,,,,,,,,,1,0,,,,,,,31,1,1,0,1,0,,,,,0.3333333333333333,1.0,3,one_square,
tetris,prob13.pddl,abs-fd,2,interrupted,682.6433069221675,abstract_pddl_writing,,0.3259554095566273,1.1738685555756092,,,3.8565682768821716,1.1178278252482414,,,,,,,,,,,,1,0,,,,,,,31,1,1,0,1,0,,,,,0.5,1.0,2,two_straight,
tetris,prob14.pddl,abs-fd,0,interrupted,647.1360816508532,abstract_pddl_writing,,0.29051797464489937,1.1597538478672504,,,3.568799152970314,0.8110861890017986,,,,,,,,,,,,4,0,,,,,,,31,1,4,0,4,0,,,,,0.5,1.0,2,right_l,
tetris,prob14.pddl,abs-fd,1,interrupted,662.9587543532252,abstract_pddl_writing,,0.30897557735443115,1.208912268280983,,,4.130839709192514,1.1498033739626408,,,,,,,,,,,,1,0,,,,,,,31,1,1,0,1,0,,,,,0.3333333333333333,1.0,3,one_square,
tetris,prob14.pddl,abs-fd,2,interrupted,660.4825689457357,abstract_pddl_writing,,0.28976061567664146,1.1624820083379745,,,3.76232822611928,1.102325726300478,,,,,,,,,,,,1,0,,,,,,,31,1,1,0,1,0,,,,,0.5,1.0,2,two_straight,
tetris,prob15.pddl,abs-fd,0,interrupted,657.4354224614799,abstract_pddl_writing,,0.2900189906358719,1.1927527450025082,,,3.643089570105076,0.8245400786399841,,,,,,,,,,,,4,0,,,,,,,31,1,4,0,4,0,,,,,0.5,1.0,2,right_l,
tetris,prob15.pddl,abs-fd,1,interrupted,671.6749988868833,abstract_pddl_writing,,0.31924400851130486,1.1800928339362144,,,4.031329806894064,1.118510015308857,,,,,,,,,,,,1,0,,,,,,,31,1,1,0,1,0,,,,,0.3333333333333333,1.0,3,one_square,
tetris,prob15.pddl,abs-fd,2,interrupted,661.6825079731643,abstract_pddl_writing,,0.322040893137455,1.1470585614442825,,,3.745732434093952,1.0990085043013096,,,,,,,,,,,,1,0,,,,,,,31,1,1,0,1,0,,,,,0.5,1.0,2,two_straight,
tetris,prob16.pddl,abs-fd,0,interrupted,171.69388378877193,abstract_pddl_writing,,0.3872676994651556,4.042867439799011,,,12.719617239199579,1.6566947288811207,,,,,,,,,,,,4,0,,,,,,,41,1,4,0,4,0,,,,,0.3333333333333333,1.0,3,right_l,
tetris,prob16.pddl,abs-fd,1,interrupted,162.63018069788814,abstract_pddl_writing,,0.3108942061662674,4.00618601962924,,,13.808686532080173,3.057998139411211,,,,,,,,,,,,1,0,,,,,,,41,1,1,0,1,0,,,,,0.3333333333333333,1.0,3,one_square,
tetris,prob16.pddl,abs-fd,2,interrupted,164.00395433604717,abstract_pddl_writing,,0.31047122180461884,3.940303910523653,,,13.884544555097818,2.998314242810011,,,,,,,,,,,,1,0,,,,,,,41,1,1,0,1,0,,,,,0.3333333333333333,1.0,3,two_straight,
tetris,prob17.pddl,abs-fd,0,interrupted,159.05096340551972,abstract_pddl_writing,,0.31158455088734627,4.092544212937355,,,12.804641101509333,1.6654187515377998,,,,,,,,,,,,4,0,,,,,,,41,1,4,0,4,0,,,,,0.3333333333333333,1.0,3,right_l,
tetris,prob17.pddl,abs-fd,1,interrupted,162.47245432808995,abstract_pddl_writing,,0.3109057657420635,3.991474114358425,,,14.016234677284956,3.068335607647896,,,,,,,,,,,,1,0,,,,,,,41,1,1,0,1,0,,,,,0.3333333333333333,1.0,3,one_square,
tetris,prob17.pddl,abs-fd,2,interrupted,179.008256662637,abstract_pddl_writing,,0.33790838345885277,4.140689779073,,,13.97440167143941,3.1650466173887253,,,,,,,,,,,,1,0,,,,,,,41,1,1,0,1,0,,,,,0.3333333333333333,1.0,3,two_straight,
tetris,prob18.pddl,abs-fd,0,interrupted,158.5309790149331,abstract_pddl_writing,,0.30852361395955086,3.986791130155325,,,12.711953546851873,1.619872409850359,,,,,,,,,,,,4,0,,,,,,,41,1,4,0,4,0,,,,,0.3333333333333333,1.0,3,right_l,
tetris,prob18.pddl,abs-fd,1,interrupted,173.3719075806439,abstract_pddl_writing,,0.3456917218863964,4.048023547977209,,,14.321230985224247,3.1050816886126995,,,,,,,,,,,,1,0,,,,,,,41,1,1,0,1,0,,,,,0.3333333333333333,1.0,3,one_square,
tetris,prob18.pddl,abs-fd,2,interrupted,182.74580062180758,abstract_pddl_writing,,0.354476448148489,4.160146608948708,,,14.066609803587198,3.093544103205204,,,,,,,,,,,,1,0,,,,,,,41,1,1,0,1,0,,,,,0.3333333333333333,1.0,3,two_straight,
tetris,prob19.pddl,abs-fd,0,interrupted,160.60271168127656,abstract_pddl_writing,,0.3086305968463421,4.025005303323269,,,12.70143286138773,1.624691728502512,,,,,,,,,,,,4,0,,,,,,,41,1,4,0,4,0,,,,,0.3333333333333333,1.0,3,right_l,
tetris,prob19.pddl,abs-fd,1,interrupted,176.9635231057182,abstract_pddl_writing,,0.3492205133661628,4.0366702899336815,,,14.028426047414541,3.102605525404215,,,,,,,,,,,,1,0,,,,,,,41,1,1,0,1,0,,,,,0.3333333333333333,1.0,3,one_square,
tetris,prob19.pddl,abs-fd,2,interrupted,173.71098788827658,abstract_pddl_writing,,0.33754317834973335,4.044690057635307,,,13.980942890048027,3.05617081746459,,,,,,,,,,,,1,0,,,,,,,41,1,1,0,1,0,,,,,0.3333333333333333,1.0,3,two_straight,
tetris,prob20.pddl,abs-fd,0,interrupted,172.8624180033803,abstract_pddl_writing,,0.3606749214231968,4.147533476352692,,,12.585562195628881,1.6699829176068306,,,,,,,,,,,,4,0,,,,,,,41,1,4,0,4,0,,,,,0.3333333333333333,1.0,3,right_l,
tetris,prob20.pddl,abs-fd,1,interrupted,181.575271576643,abstract_pddl_writing,,0.35240115504711866,4.057732248678803,,,13.795445010066032,3.0857737213373184,,,,,,,,,,,,1,0,,,,,,,41,1,1,0,1,0,,,,,0.3333333333333333,1.0,3,one_square,
tetris,prob20.pddl,abs-fd,2,interrupted,162.80202420800924,abstract_pddl_writing,,0.3040113039314747,4.082477144896984,,,14.238939322531223,3.144470654428005,,,,,,,,,,,,1,0,,,,,,,41,1,1,0,1,0,,,,,0.3333333333333333,1.0,3,two_straight,
