domain,problem,mode,status,wall_time_seconds,last_completed_phase,total_seconds,problem_reading_seconds,pnf_translation_seconds,symmetry_discovery_seconds,resource_detection_seconds,abstraction_seconds,abstract_pddl_writing_seconds,concrete_fd_seconds,abstract_fd_seconds,fd_search_seconds,concrete_asp_seconds,abstract_asp_seconds,abstract_solving_seconds,abstract_fd_search_seconds,guided_concrete_solving_seconds,extended_concrete_solving_seconds,verdict,plan_valid,relaxed_deletes,relaxed_inequalities,decrements,increments,abstract_plan_length,plan_length,abstract_solve_calls,concrete_solve_calls,abstracted_object_count,abstracted_object_type,error_message
bag-barman,prob03.pddl,abs-fd,interrupted,1147.1330779008567,abstract_pddl_writing,,1.0194315426051617,5.30920734629035,0.6083931140601635,,15.069190204143524,2.779758859425783,,,,,,,,,,,,48,4,,,,,,,2,cocktail,
bag-barman,prob03.pddl,fd,success,232.17681074514985,total,229.666807,,,,,,,,,229.658814,,,,,,,unsolvable,,,,,,,,,,,,
bag-barman,prob06.pddl,abs-fd,interrupted,1532.8306192420423,abstract_pddl_writing,,1.121656384319067,8.018876243382692,0.8853098526597023,,21.989544853568077,4.107212778180838,,,,,,,,,,,,56,4,,,,,,,2,cocktail,
bag-barman,prob06.pddl,fd,success,587.4404624290764,total,584.178799,,,,,,,,,584.170201,,,,,,,unsolvable,,,,,,,,,,,,
bag-barman,prob09.pddl,abs-fd,timed out,1800.1325490958989,abstract_pddl_writing,,1.1907093338668346,11.032115623354912,1.3160720393061638,,31.226433400064707,5.6793786734342575,,,,,,,,,,,,64,4,,,,,,,2,cocktail,
bag-barman,prob09.pddl,fd,success,1576.7177288085222,total,1574.383811,,,,,,,,,1574.37769,,,,,,,unsolvable,,,,,,,,,,,,
bag-barman,prob11.pddl,abs-fd,timed out,1800.1281619407237,abstract_pddl_writing,,1.2566655687987804,11.15757080540061,1.3902333788573742,,33.040201753377914,5.182169638574123,,,,,,,,,,,,69,6,,,,,,,3,cocktail,
bag-barman,prob11.pddl,fd,success,1614.4930812343955,total,1612.65712,,,,,,,,,1612.650069,,,,,,,unsolvable,,,,,,,,,,,,
bag-barman,prob12.pddl,abs-fd,timed out,1800.1284895688295,abstract_pddl_writing,,1.126411598175764,11.205232180655003,1.2770814821124077,,31.112301733344793,5.734233025461435,,,,,,,,,,,,64,4,,,,,,,2,cocktail,
bag-barman,prob12.pddl,fd,success,1585.9865211360157,total,1582.988205,,,,,,,,,1582.981013,,,,,,,unsolvable,,,,,,,,,,,,
bag-barman,prob13.pddl,abs-fd,interrupted,318.2137840203941,abstract_pddl_writing,,1.7848762907087803,18.34499441832304,4.387781973928213,,51.56394599378109,9.245148736983538,,,,,,,,,,,,88,4,,,,,,,2,cocktail,
bag-barman,prob13.pddl,fd,timed out,1800.1139007229358,,,,,,,,,,,,,,,,,,,,,,,,,,,,,,
bag-barman,prob14.pddl,abs-fd,timed out,1800.1376004591584,abstract_pddl_writing,,1.4023754317313433,18.65276150777936,3.0423143301159143,,51.129862459376454,9.282699197530746,,,,,,,,,,,,72,4,,,,,,,2,cocktail,
bag-barman,prob14.pddl,fd,timed out,1800.1109872162342,,,,,,,,,,,,,,,,,,,,,,,,,,,,,,
bag-barman,prob15.pddl,abs-fd,interrupted,312.2906913384795,abstract_pddl_writing,,1.7905386611819267,18.794463887810707,4.345697719603777,,51.962117455899715,9.395702324807644,,,,,,,,,,,,88,4,,,,,,,2,cocktail,
bag-barman,prob15.pddl,fd,timed out,1800.114587545395,,,,,,,,,,,,,,,,,,,,,,,,,,,,,,
bag-barman,prob16.pddl,abs-fd,interrupted,319.1753717754036,abstract_pddl_writing,,1.7905209362506866,18.997316857799888,4.399291751906276,,52.97038570418954,9.758123049512506,,,,,,,,,,,,88,4,,,,,,,2,cocktail,
bag-barman,prob16.pddl,fd,timed out,1800.1154403537512,,,,,,,,,,,,,,,,,,,,,,,,,,,,,,
bag-barman,prob17.pddl,abs-fd,interrupted,369.83186089247465,abstract_pddl_writing,,1.476978361606598,23.42240772023797,4.086011588573456,,67.9068640768528,12.213990896940231,,,,,,,,,,,,80,4,,,,,,,2,cocktail,
bag-barman,prob17.pddl,fd,timed out,1800.112172421068,,,,,,,,,,,,,,,,,,,,,,,,,,,,,,
bag-barman,prob18.pddl,abs-fd,interrupted,364.346093904227,abstract_pddl_writing,,1.5847060345113277,24.177095659077168,4.128484763205051,,68.60399051383138,12.661532077938318,,,,,,,,,,,,80,4,,,,,,,2,cocktail,
bag-barman,prob18.pddl,fd,timed out,1800.1134480647743,,,,,,,,,,,,,,,,,,,,,,,,,,,,,,
bag-barman,prob19.pddl,abs-fd,interrupted,401.23085936903954,abstract_pddl_writing,,1.7355994209647179,24.24863998219371,4.560189925134182,,67.99129268527031,12.316065952181816,,,,,,,,,,,,80,4,,,,,,,2,cocktail,
bag-barman,prob19.pddl,fd,timed out,1800.0602690763772,,,,,,,,,,,,,,,,,,,,,,,,,,,,,,
bag-barman,prob20.pddl,abs-fd,timed out,1800.1429570242763,abstract_pddl_writing,,1.5010064952075481,23.45256630331278,4.130925949662924,,73.74923710897565,11.201915610581636,,,,,,,,,,,,85,6,,,,,,,3,cocktail,
bag-barman,prob20.pddl,fd,timed out,1800.1137377656996,,,,,,,,,,,,,,,,,,,,,,,,,,,,,,
bag-gripper,prob02.pddl,abs-fd,timed out,1800.1560773178935,abstract_pddl_writing,,5.105189684778452,0.010885514318943024,16.938452132046223,,0.7689686007797718,37.47431577369571,,,,,,,,,,,,3,0,,,,,,,5,room,
bag-gripper,prob02.pddl,fd,interrupted,939.0079925507307,,,,,,,,,,,,,,,,,,,,,,,,,,,,,,
bag-gripper,prob03.pddl,abs-fd,timed out,1800.1155338771641,abstract_pddl_writing,,1.3859511986374855,0.005464550107717514,6.080094046890736,,0.17831312119960785,2.682515896856785,,,,,,,,,,,,3,0,,,,,,,3,room,
bag-gripper,prob03.pddl,fd,interrupted,740.3832100629807,,,,,,,,,,,,,,,,,,,,,,,,,,,,,,
bag-gripper,prob04.pddl,abs-fd,timed out,1800.1437155492604,abstract_pddl_writing,,4.548820976167917,0.009468883275985718,16.02125347033143,,0.6332583203911781,33.06306464225054,,,,,,,,,,,,3,0,,,,,,,3,room,
bag-gripper,prob04.pddl,fd,interrupted,1004.6879970356822,,,,,,,,,,,,,,,,,,,,,,,,,,,,,,
bag-gripper,prob05.pddl,abs-fd,timed out,1800.1901079751551,abstract_pddl_writing,,6.619733456522226,0.012823078781366348,16.281295400112867,,0.9693698473274708,66.48892372101545,,,,,,,,,,,,3,0,,,,,,,3,room,
bag-gripper,prob05.pddl,fd,success,86.9354073498398,total,85.15556,,,,,,,,,85.141449,,,,,,,unsolvable,,,,,,,,,,,,
bag-gripper,prob06.pddl,abs-fd,timed out,1800.1828295420855,abstract_pddl_writing,,6.313599847257137,0.014089839532971382,22.66160305775702,,1.0033387821167707,61.20155932754278,,,,,,,,,,,,3,0,,,,,,,4,room,
bag-gripper,prob06.pddl,fd,interrupted,926.9194473922253,,,,,,,,,,,,,,,,,,,,,,,,,,,,,,
bag-gripper,prob07.pddl,abs-fd,timed out,1800.1249623671174,abstract_pddl_writing,,1.7934340126812458,0.005352761596441269,9.752073312178254,,0.21526457741856575,4.717588074505329,,,,,,,,,,,,3,0,,,,,,,3,room,
bag-gripper,prob07.pddl,fd,interrupted,674.5195967406034,,,,,,,,,,,,,,,,,,,,,,,,,,,,,,
bag-gripper,prob09.pddl,abs-fd,timed out,1800.2416823562235,abstract_pddl_writing,,10.878739062696695,0.017662420868873596,40.33474491350353,,1.693029347807169,116.11111291870475,,,,,,,,,,,,3,0,,,,,,,5,room,
bag-gripper,prob09.pddl,fd,interrupted,931.3015405908227,,,,,,,,,,,,,,,,,,,,,,,,,,,,,,
bag-gripper,prob10.pddl,abs-fd,timed out,1800.1602400913835,abstract_pddl_writing,,5.562345501035452,0.010892543941736221,19.41452893987298,,0.7315233983099461,36.48721124231815,,,,,,,,,,,,3,0,,,,,,,3,room,
bag-gripper,prob10.pddl,fd,interrupted,716.5954597815871,,,,,,,,,,,,,,,,,,,,,,,,,,,,,,
bag-gripper,prob11.pddl,abs-fd,timed out,1800.160426683724,abstract_pddl_writing,,5.357132408767939,0.010027006268501282,19.438313564285636,,0.6749939825385809,36.3447342030704,,,,,,,,,,,,3,0,,,,,,,3,room,
bag-gripper,prob11.pddl,fd,interrupted,721.5053931251168,,,,,,,,,,,,,,,,,,,,,,,,,,,,,,
bag-gripper,prob12.pddl,abs-fd,timed out,1800.2908093333244,abstract_pddl_writing,,13.623676903545856,0.026890616863965988,32.428912214934826,,1.9009324945509434,181.1625341065228,,,,,,,,,,,,3,0,,,,,,,3,room,
bag-gripper,prob12.pddl,fd,success,161.82121651619673,total,159.357193,,,,,,,,,159.336047,,,,,,,unsolvable,,,,,,,,,,,,
bag-gripper,prob13.pddl,abs-fd,timed out,1800.14352305606,abstract_pddl_writing,,7.422079101204872,0.014680303633213043,26.624489933252335,,1.1221106238663197,38.76012732088566,,,,,,,,,,,,3,0,,,,,,,4,room,
bag-gripper,prob13.pddl,fd,interrupted,808.8175844065845,,,,,,,,,,,,,,,,,,,,,,,,,,,,,,
bag-gripper,prob14.pddl,abs-fd,timed out,1800.1780459340662,abstract_pddl_writing,,8.038320956751704,0.014397015795111656,27.007413644343615,,0.9853062890470028,54.94861060939729,,,,,,,,,,,,3,0,,,,,,,3,room,
bag-gripper,prob14.pddl,fd,interrupted,748.504829749465,,,,,,,,,,,,,,,,,,,,,,,,,,,,,,
bag-gripper,prob16.pddl,abs-fd,timed out,1800.3240315280855,abstract_pddl_writing,,19.42832912877202,0.029270783066749573,67.35870519280434,,2.997947007417679,276.2489447891712,,,,,,,,,,,,3,0,,,,,,,5,room,
bag-gripper,prob16.pddl,fd,interrupted,1003.628397859633,,,,,,,,,,,,,,,,,,,,,,,,,,,,,,
bag-gripper,prob17.pddl,abs-fd,interrupted,435.96894212812185,abstract_pddl_writing,,16.90369275957346,0.025615472346544266,59.157948806881905,,2.252205640077591,229.93351790308952,,,,,,,,,,,,3,0,,,,,,,3,room,
bag-gripper,prob17.pddl,fd,interrupted,948.9029006436467,,,,,,,,,,,,,,,,,,,,,,,,,,,,,,
bag-gripper,prob18.pddl,abs-fd,timed out,1800.237266689539,abstract_pddl_writing,,9.828133672475815,0.020584221929311752,36.48476628214121,,1.4529171325266361,113.068051148206,,,,,,,,,,,,3,0,,,,,,,3,room,
bag-gripper,prob18.pddl,fd,interrupted,756.7917131669819,,,,,,,,,,,,,,,,,,,,,,,,,,,,,,
bag-gripper,prob19.pddl,abs-fd,interrupted,575.4754314720631,abstract_pddl_writing,,26.058234006166458,0.04101201891899109,61.15499087423086,,3.164428159594536,398.0360827334225,,,,,,,,,,,,3,0,,,,,,,3,room,
bag-gripper,prob19.pddl,fd,success,238.1310422345996,total,235.651638,,,,,,,,,235.618108,,,,,,,unsolvable,,,,,,,,,,,,
bag-gripper,prob20.pddl,abs-fd,timed out,1800.2015179619193,abstract_pddl_writing,,12.834260873496532,0.019748516380786896,44.715087428689,,1.7491170391440392,69.42988920584321,,,,,,,,,,,,3,0,,,,,,,4,room,
bag-gripper,prob20.pddl,fd,interrupted,831.1100608408451,,,,,,,,,,,,,,,,,,,,,,,,,,,,,,
bag-gripper,prob21.pddl,abs-fd,timed out,1800.2772335745394,abstract_pddl_writing,,15.637193385511637,0.02417338639497757,55.75021589547396,,1.9216164536774158,186.65193456038833,,,,,,,,,,,,3,0,,,,,,,3,room,
bag-gripper,prob21.pddl,fd,interrupted,816.9696439951658,,,,,,,,,,,,,,,,,,,,,,,,,,,,,,
bag-gripper,prob22.pddl,abs-fd,timed out,1800.1576639190316,abstract_pddl_writing,,4.437206417322159,0.009604886174201965,49.54983923211694,,0.7608853094279766,34.25838486477733,,,,,,,,,,,,3,0,,,,,,,5,room,
bag-gripper,prob22.pddl,fd,interrupted,1103.961047898978,,,,,,,,,,,,,,,,,,,,,,,,,,,,,,
bag-gripper,prob23.pddl,abs-fd,timed out,1800.1191304251552,abstract_pddl_writing,,1.339360322803259,0.004978865385055542,19.272248182445765,,0.1795455552637577,2.474257666617632,,,,,,,,,,,,3,0,,,,,,,3,room,
bag-gripper,prob23.pddl,fd,interrupted,783.0608700960875,,,,,,,,,,,,,,,,,,,,,,,,,,,,,,
bag-gripper,prob24.pddl,abs-fd,timed out,1800.1784854121506,abstract_pddl_writing,,4.815125238150358,0.009753026068210602,52.36217820644379,,0.5845176018774509,34.4081175327301,,,,,,,,,,,,3,0,,,,,,,3,room,
bag-gripper,prob24.pddl,fd,interrupted,1191.5422014556825,,,,,,,,,,,,,,,,,,,,,,,,,,,,,,
bag-gripper,prob25.pddl,abs-fd,timed out,1800.1165611073375,abstract_pddl_writing,,1.3310074247419834,0.004842463880777359,58.41714519262314,,0.19848527014255524,4.821035839617252,,,,,,,,,,,,3,0,,,,,,,4,room,
bag-gripper,prob25.pddl,fd,interrupted,997.5276942104101,,,,,,,,,,,,,,,,,,,,,,,,,,,,,,
bag-transport,prob01.pddl,abs-fd,success,10.453884860500693,total,7.652607,0.235086,0.002592,0.199189,,0.012517,0.026544,,,,,,,7.069467,,,unknown,,5,0,,,,,,,2,vehicle,
bag-transport,prob01.pddl,fd,success,5.557872913777828,total,3.35891,,,,,,,,,3.35353,,,,,,,unsolvable,,,,,,,,,,,,
bag-transport,prob02.pddl,abs-fd,success,8.122973874211311,total,6.371649,0.301127,0.002615,0.183299,,0.012555,0.027519,,,,,,,5.807377,,,unknown,,5,0,,,,,,,2,vehicle,
bag-transport,prob02.pddl,fd,success,3.0562443546950817,total,1.643461,,,,,,,,,1.641073,,,,,,,unsolvable,,,,,,,,,,,,
bag-transport,prob03.pddl,abs-fd,success,5.409511908888817,total,3.565717,0.211314,0.0025,0.173552,,0.011054,0.028706,,,,,,,3.102121,,,unknown,,5,0,,,,,,,2,vehicle,
bag-transport,prob03.pddl,fd,success,2.878461193293333,total,1.147701,,,,,,,,,1.142753,,,,,,,unsolvable,,,,,,,,,,,,
bag-transport,prob04.pddl,abs-fd,success,17.743966717272997,total,15.57077,0.295949,0.002521,0.179435,,0.014746,0.029673,,,,,,,15.02832,,,unknown,,5,0,,,,,,,2,vehicle,
bag-transport,prob04.pddl,fd,success,7.765427730977535,total,4.918284,,,,,,,,,4.912905,,,,,,,unsolvable,,,,,,,,,,,,
bag-transport,prob05.pddl,abs-fd,success,26.021150536835194,total,24.322799,0.291316,0.002466,0.193665,,0.014703,0.033746,,,,,,,23.767656,,,unknown,,5,0,,,,,,,2,vehicle,
bag-transport,prob05.pddl,fd,success,23.200599493458867,total,21.438395,,,,,,,,,21.434307,,,,,,,unsolvable,,,,,,,,,,,,
bag-transport,prob06.pddl,abs-fd,success,31.243787966668606,total,28.478335,0.353006,0.002797,0.236853,,0.016785,0.034832,,,,,,,27.805017,,,unknown,,5,0,,,,,,,2,vehicle,
bag-transport,prob06.pddl,fd,success,37.88862186297774,total,35.813616,,,,,,,,,35.809474,,,,,,,unsolvable,,,,,,,,,,,,
bag-transport,prob07.pddl,abs-fd,success,74.1144584864378,total,71.728132,0.389097,0.002791,0.256403,,0.020091,0.038479,,,,,,,70.983326,,,unknown,,5,0,,,,,,,2,vehicle,
bag-transport,prob07.pddl,fd,success,1064.425013229251,total,1061.395055,,,,,,,,,1061.389911,,,,,,,unsolvable,,,,,,,,,,,,
bag-transport,prob08.pddl,abs-fd,success,48.43743862211704,total,45.65249,0.376483,0.003505,0.325961,,0.021334,0.036444,,,,,,,44.852504,,,unknown,,5,0,,,,,,,3,vehicle,
bag-transport,prob08.pddl,fd,interrupted,949.5859634615481,,,,,,,,,,,,,,,,,,,,,,,,,,,,,,
bag-transport,prob09.pddl,abs-fd,success,139.04182711802423,total,137.116483,0.418482,0.002956,0.30893,,0.021129,0.048246,,,,,,,136.275955,,,unknown,,5,0,,,,,,,2,vehicle,
bag-transport,prob09.pddl,fd,interrupted,909.8469243571162,,,,,,,,,,,,,,,,,,,,,,,,,,,,,,
bag-transport,prob10.pddl,abs-fd,success,80.30404813960195,total,78.793309,0.322001,0.002734,0.280569,,0.02215,0.040426,,,,,,,78.105374,,,unknown,,5,0,,,,,,,3,vehicle,
bag-transport,prob10.pddl,fd,interrupted,885.3852510489523,,,,,,,,,,,,,,,,,,,,,,,,,,,,,,
bag-transport,prob11.pddl,abs-fd,success,187.17905133403838,total,184.807494,0.421357,0.002958,0.306462,,0.022976,0.047045,,,,,,,183.973211,,,unknown,,5,0,,,,,,,2,vehicle,
bag-transport,prob11.pddl,fd,interrupted,987.5476414449513,,,,,,,,,,,,,,,,,,,,,,,,,,,,,,
bag-transport,prob12.pddl,abs-fd,success,472.50167750939727,total,469.790751,0.403514,0.00362,0.392211,,0.023706,0.043069,,,,,,,468.893212,,,unknown,,5,0,,,,,,,3,vehicle,
bag-transport,prob12.pddl,fd,interrupted,884.6525794267654,,,,,,,,,,,,,,,,,,,,,,,,,,,,,,
bag-transport,prob13.pddl,abs-fd,interrupted,1210.5084038488567,abstract_pddl_writing,,0.36387021467089653,0.002895776182413101,0.29775088280439377,,0.02030225843191147,0.04350214824080467,,,,,,,,,,,,5,0,,,,,,,2,vehicle,
bag-transport,prob13.pddl,fd,interrupted,755.1841399632394,,,,,,,,,,,,,,,,,,,,,,,,,,,,,,
bag-transport,prob14.pddl,abs-fd,interrupted,1108.8854648023844,abstract_pddl_writing,,0.4056880697607994,0.002988126128911972,0.3242150619626045,,0.03480192646384239,0.04922278970479965,,,,,,,,,,,,5,0,,,,,,,3,vehicle,
bag-transport,prob14.pddl,fd,interrupted,827.6878182813525,,,,,,,,,,,,,,,,,,,,,,,,,,,,,,
bag-transport,prob15.pddl,abs-fd,interrupted,1476.0503984838724,abstract_pddl_writing,,0.4437761828303337,0.0030679255723953247,0.3496556654572487,,0.02629467472434044,0.05689404159784317,,,,,,,,,,,,5,0,,,,,,,2,vehicle,
bag-transport,prob15.pddl,fd,interrupted,773.3813377730548,,,,,,,,,,,,,,,,,,,,,,,,,,,,,,
bag-transport,prob16.pddl,abs-fd,interrupted,1284.0345355421305,abstract_pddl_writing,,0.4518037512898445,0.0031024590134620667,0.42575566843152046,,0.044400036334991455,0.05080869793891907,,,,,,,,,,,,5,0,,,,,,,3,vehicle,
bag-transport,prob16.pddl,fd,interrupted,868.0420954898,,,,,,,,,,,,,,,,,,,,,,,,,,,,,,
bag-transport,prob17.pddl,abs-fd,success,57.495685167610645,total,55.45865,0.391606,0.003057,0.245121,,0.020428,0.051673,,,,,,,54.704218,,,unknown,,5,0,,,,,,,2,vehicle,
bag-transport,prob17.pddl,fd,success,193.895437464118,total,191.290397,,,,,,,,,191.283918,,,,,,,unsolvable,,,,,,,,,,,,
bag-transport,prob18.pddl,abs-fd,success,96.22322072833776,total,92.984401,0.394845,0.002877,0.28896,,0.020907,0.049132,,,,,,,92.185834,,,unknown,,5,0,,,,,,,2,vehicle,
bag-transport,prob18.pddl,fd,interrupted,965.3214733153582,,,,,,,,,,,,,,,,,,,,,,,,,,,,,,
bag-transport,prob19.pddl,abs-fd,interrupted,1231.3901871815324,abstract_pddl_writing,,0.41056064888834953,0.0029722601175308228,0.3184994198381901,,0.03134535998106003,0.05276596173644066,,,,,,,,,,,,5,0,,,,,,,3,vehicle,
bag-transport,prob19.pddl,fd,interrupted,880.6920417174697,,,,,,,,,,,,,,,,,,,,,,,,,,,,,,
bag-transport,prob20.pddl,abs-fd,timed out,1800.1163252778351,abstract_pddl_writing,,1.4111736752092838,0.15988902188837528,5.569657372310758,,0.16452971659600735,0.32495195232331753,,,,,,,,,,,,5,0,,,,,,,4,vehicle,
bag-transport,prob20.pddl,fd,timed out,1800.0237262323499,,,,,,,,,,,,,,,,,,,,,,,,,,,,,,
bag-transport,prob21.pddl,abs-fd,timed out,1800.117320984602,abstract_pddl_writing,,1.5194620750844479,0.005880910903215408,6.045010179281235,,0.19943265989422798,0.3802497684955597,,,,,,,,,,,,5,0,,,,,,,4,vehicle,
bag-transport,prob21.pddl,fd,timed out,1800.1130076088011,,,,,,,,,,,,,,,,,,,,,,,,,,,,,,
bag-transport,prob22.pddl,abs-fd,timed out,1800.1156187355518,abstract_pddl_writing,,1.699360467493534,0.005563681945204735,5.094880234450102,,0.18898716941475868,0.3223653621971607,,,,,,,,,,,,5,0,,,,,,,4,vehicle,
bag-transport,prob22.pddl,fd,timed out,1800.1132953613997,,,,,,,,,,,,,,,,,,,,,,,,,,,,,,
bag-transport,prob23.pddl,abs-fd,timed out,1800.1194149181247,abstract_pddl_writing,,4.178029324859381,0.00969567522406578,18.33421314507723,,0.46518266946077347,1.3700964748859406,,,,,,,,,,,,5,0,,,,,,,4,vehicle,
bag-transport,prob23.pddl,fd,timed out,1800.1118144728243,,,,,,,,,,,,,,,,,,,,,,,,,,,,,,
bag-transport,prob24.pddl,abs-fd,timed out,1800.1215822473168,abstract_pddl_writing,,3.413190171122551,0.00872332975268364,24.323730897158384,,0.4369162768125534,1.382382232695818,,,,,,,,,,,,5,0,,,,,,,4,vehicle,
bag-transport,prob24.pddl,fd,interrupted,57.38721053674817,,,,,,,,,,,,,,,,,,,,,,,,,,,,,,
bag-transport,prob25.pddl,abs-fd,timed out,1800.114570936188,abstract_pddl_writing,,4.103725861757994,0.009928122162818909,18.419006060808897,,0.49011949822306633,1.3976476714015007,,,,,,,,,,,,5,0,,,,,,,4,vehicle,
bag-transport,prob25.pddl,fd,timed out,1800.0711119510233,,,,,,,,,,,,,,,,,,,,,,,,,,,,,,
bag-transport,prob26.pddl,abs-fd,timed out,1800.1245652604848,abstract_pddl_writing,,5.4906644728034735,0.011939531192183495,28.47784394212067,,0.7175674177706242,2.763798274099827,,,,,,,,,,,,5,0,,,,,,,4,vehicle,
bag-transport,prob26.pddl,fd,interrupted,68.79314191639423,,,,,,,,,,,,,,,,,,,,,,,,,,,,,,
bag-transport,prob27.pddl,abs-fd,interrupted,93.31056253239512,abstract_pddl_writing,,6.0939489379525185,0.014150552451610565,34.720666110515594,,0.8327198885381222,2.9783962704241276,,,,,,,,,,,,5,0,,,,,,,4,vehicle,
bag-transport,prob27.pddl,fd,interrupted,59.415899097919464,,,,,,,,,,,,,,,,,,,,,,,,,,,,,,
bag-transport,prob28.pddl,abs-fd,timed out,1800.1254890039563,abstract_pddl_writing,,5.5699963346123695,0.011846493929624557,29.057450730353594,,0.7220010850578547,2.8527326993644238,,,,,,,,,,,,5,0,,,,,,,4,vehicle,
bag-transport,prob28.pddl,fd,interrupted,70.9447738416493,,,,,,,,,,,,,,,,,,,,,,,,,,,,,,
bag-transport,prob29.pddl,abs-fd,timed out,1800.124825593084,abstract_pddl_writing,,5.993116158992052,0.013668552041053772,30.993763256818056,,0.7219654768705368,2.9390763081610203,,,,,,,,,,,,5,0,,,,,,,4,vehicle,
bag-transport,prob29.pddl,fd,interrupted,67.95220746472478,,,,,,,,,,,,,,,,,,,,,,,,,,,,,,
cave-diving,prob01.pddl,abs-fd,success,11.1793131865561,total,7.961783,0.196741,0.002861,0.181085,,0.009512,0.018499,,,,,,,7.514683,,,unknown,,9,0,,,,,,,2,diver,
cave-diving,prob01.pddl,fd,success,39.74646068364382,total,37.592657,,,,,,,,,37.590245,,,,,,,unsolvable,,,,,,,,,,,,
cave-diving,prob02.pddl,abs-fd,success,7.13598888926208,total,3.920351,0.19965,0.002905,0.175813,,0.008662,0.024647,,,,,,,3.471763,,,unknown,,9,0,,,,,,,2,diver,
cave-diving,prob02.pddl,fd,success,13.19963975995779,total,10.499445,,,,,,,,,10.493896,,,,,,,unsolvable,,,,,,,,,,,,
cave-diving,prob03.pddl,abs-fd,success,2.6449506245553493,total,1.066209,0.168922,0.002697,0.112084,,0.008074,0.01747,,,,,,,0.724734,,,unknown,,9,0,,,,,,,2,diver,
cave-diving,prob03.pddl,fd,success,6.7468761913478374,total,4.611129,,,,,,,,,4.607484,,,,,,,unsolvable,,,,,,,,,,,,
cave-diving,prob04.pddl,abs-fd,success,2.453043594956398,total,0.651258,0.181183,0.002838,0.124603,,0.008328,0.017986,,,,,,,0.283882,,,unknown,,9,0,,,,,,,2,diver,
cave-diving,prob04.pddl,fd,success,3.52333852276206,total,1.291987,,,,,,,,,1.288235,,,,,,,unsolvable,,,,,,,,,,,,
cave-diving,prob05.pddl,abs-fd,success,2.1866947934031487,total,0.508469,0.172772,0.00271,0.107106,,0.011689,0.016145,,,,,,,0.179331,,,unsolvable,,9,0,,,,,,,2,diver,
cave-diving,prob05.pddl,fd,success,2.9217942096292973,total,0.25765,,,,,,,,,0.254059,,,,,,,unsolvable,,,,,,,,,,,,
cave-diving,prob06.pddl,abs-fd,success,43.42851987108588,total,40.736842,0.20627,0.003213,0.239884,,0.013051,0.026628,,,,,,,40.218225,,,unknown,,11,0,,,,,,,4,diver,
cave-diving,prob06.pddl,fd,interrupted,805.0579316280782,,,,,,,,,,,,,,,,,,,,,,,,,,,,,,
cave-diving,prob07.pddl,abs-fd,success,261.2911181971431,total,258.892162,0.197447,0.003609,0.207156,,0.011746,0.023831,,,,,,,258.416563,,,unknown,,11,0,,,,,,,4,diver,
cave-diving,prob07.pddl,fd,interrupted,729.4976752363145,,,,,,,,,,,,,,,,,,,,,,,,,,,,,,
cave-diving,prob08.pddl,abs-fd,success,10.100103784352541,total,7.40038,0.202886,0.003153,0.205501,,0.011564,0.021623,,,,,,,6.922419,,,unknown,,11,0,,,,,,,4,diver,
cave-diving,prob08.pddl,fd,interrupted,653.9025197923183,,,,,,,,,,,,,,,,,,,,,,,,,,,,,,
cave-diving,prob09.pddl,abs-fd,success,5.449898682534695,total,3.894679,0.187514,0.002983,0.153946,,0.011234,0.018381,,,,,,,3.497515,,,unknown,,11,0,,,,,,,4,diver,
cave-diving,prob09.pddl,fd,success,836.0620871447027,total,834.472819,,,,,,,,,834.465462,,,,,,,unsolvable,,,,,,,,,,,,
cave-diving,prob10.pddl,abs-fd,success,3.182166051119566,total,0.688662,0.193612,0.003022,0.13795,,0.01052,0.018063,,,,,,,0.296639,,,unsolvable,,11,0,,,,,,,4,diver,
cave-diving,prob10.pddl,fd,success,3.9150264151394367,total,0.868891,,,,,,,,,0.864184,,,,,,,unsolvable,,,,,,,,,,,,
cave-diving,prob11.pddl,abs-fd,success,19.53714196011424,total,17.45341,0.189897,0.003602,0.20129,,0.011665,0.025554,,,,,,,17.002026,,,unknown,,11,0,,,,,,,4,diver,
cave-diving,prob11.pddl,fd,interrupted,803.0702263191342,,,,,,,,,,,,,,,,,,,,,,,,,,,,,,
cave-diving,prob12.pddl,abs-fd,success,21.38603001832962,total,19.567967,0.195174,0.003063,0.187163,,0.011656,0.023454,,,,,,,19.114853,,,unknown,,11,0,,,,,,,4,diver,
cave-diving,prob12.pddl,fd,interrupted,772.7353095524013,,,,,,,,,,,,,,,,,,,,,,,,,,,,,,
cave-diving,prob13.pddl,abs-fd,success,6.074785925447941,total,4.273562,0.192139,0.003951,0.168401,,0.011401,0.021408,,,,,,,3.847609,,,unknown,,11,0,,,,,,,4,diver,
cave-diving,prob13.pddl,fd,interrupted,647.5351358354092,,,,,,,,,,,,,,,,,,,,,,,,,,,,,,
cave-diving,prob14.pddl,abs-fd,success,7.9780066683888435,total,5.190486,0.205029,0.003085,0.185414,,0.010918,0.019239,,,,,,,4.733897,,,unknown,,11,0,,,,,,,4,diver,
cave-diving,prob14.pddl,fd,success,638.5496779084206,total,636.786659,,,,,,,,,636.781129,,,,,,,unsolvable,,,,,,,,,,,,
cave-diving,prob15.pddl,abs-fd,success,2.907087866216898,total,0.690133,0.196918,0.003082,0.145347,,0.010569,0.017783,,,,,,,0.274366,,,unsolvable,,11,0,,,,,,,4,diver,
cave-diving,prob15.pddl,fd,success,5.466957788914442,total,2.288791,,,,,,,,,2.283171,,,,,,,unsolvable,,,,,,,,,,,,
cave-diving,prob16.pddl,abs-fd,timed out,1800.1120811030269,abstract_pddl_writing,,0.32955507189035416,0.004242751747369766,1.9493016451597214,,0.03531187027692795,0.09725162759423256,,,,,,,,,,,,19,0,,,,,,,12,diver,
cave-diving,prob16.pddl,fd,timed out,1800.1157088428736,,,,,,,,,,,,,,,,,,,,,,,,,,,,,,
cave-diving,prob17.pddl,abs-fd,timed out,1800.1118354313076,abstract_pddl_writing,,0.33694982528686523,0.0042768679559230804,1.4020026288926601,,0.03191773593425751,0.06428038701415062,,,,,,,,,,,,19,0,,,,,,,12,diver,
cave-diving,prob17.pddl,fd,timed out,1800.1109014973044,,,,,,,,,,,,,,,,,,,,,,,,,,,,,,
cave-diving,prob18.pddl,abs-fd,interrupted,1505.250696245581,abstract_pddl_writing,,0.47927945107221603,0.004269417375326157,1.0616444200277328,,0.029516905546188354,0.04225900024175644,,,,,,,,,,,,19,0,,,,,,,12,diver,
cave-diving,prob18.pddl,fd,timed out,1800.0392305143178,,,,,,,,,,,,,,,,,,,,,,,,,,,,,,
cave-diving,prob19.pddl,abs-fd,interrupted,1288.909600302577,abstract_pddl_writing,,0.2707477230578661,0.004091724753379822,0.4213062059134245,,0.02672332152724266,0.026431936770677567,,,,,,,,,,,,19,0,,,,,,,12,diver,
cave-diving,prob19.pddl,fd,interrupted,1194.709504108876,,,,,,,,,,,,,,,,,,,,,,,,,,,,,,
cave-diving,prob20.pddl,abs-fd,success,3.001143451780081,total,1.126316,0.312558,0.004286,0.193258,,0.025565,0.021471,,,,,,,0.532561,,,unsolvable,,19,0,,,,,,,12,diver,
cave-diving,prob20.pddl,fd,success,20.449764523655176,total,18.315927,,,,,,,,,18.311929,,,,,,,unsolvable,,,,,,,,,,,,
cave-diving,prob21.pddl,abs-fd,success,357.0868410281837,total,354.455007,0.232099,0.069153,0.62201,,0.021285,0.052259,,,,,,,353.424336,,,unknown,,15,0,,,,,,,8,diver,
cave-diving,prob21.pddl,fd,timed out,1800.1129927262664,,,,,,,,,,,,,,,,,,,,,,,,,,,,,,
cave-diving,prob22.pddl,abs-fd,success,170.07032987102866,total,167.861484,0.229253,0.00959,0.529891,,0.020771,0.116158,,,,,,,166.920271,,,unknown,,15,0,,,,,,,8,diver,
cave-diving,prob22.pddl,fd,timed out,1800.1133863218129,,,,,,,,,,,,,,,,,,,,,,,,,,,,,,
cave-diving,prob23.pddl,abs-fd,success,85.87029255181551,total,82.789645,0.2353,0.004159,0.463458,,0.019507,0.038756,,,,,,,81.991719,,,unknown,,15,0,,,,,,,8,diver,
cave-diving,prob23.pddl,fd,interrupted,1692.930043976754,,,,,,,,,,,,,,,,,,,,,,,,,,,,,,
cave-diving,prob24.pddl,abs-fd,success,11.060842480510473,total,7.970294,0.226125,0.003611,0.302137,,0.017827,0.02354,,,,,,,7.357915,,,unknown,,15,0,,,,,,,8,diver,
cave-diving,prob24.pddl,fd,interrupted,821.9702706970274,,,,,,,,,,,,,,,,,,,,,,,,,,,,,,
cave-diving,prob25.pddl,abs-fd,success,3.6396741718053818,total,0.9859,0.222026,0.003652,0.212908,,0.016706,0.019805,,,,,,,0.469321,,,unsolvable,,15,0,,,,,,,8,diver,
cave-diving,prob25.pddl,fd,interrupted,882.3447621166706,,,,,,,,,,,,,,,,,,,,,,,,,,,,,,
document-transfer,prob01.pddl,abs-fd,success,626.0908590778708,total,623.877251,0.200381,0.002335,0.224349,,0.032578,0.03843,,,,,,,623.338188,,,unknown,,3,0,,,,,,,19,document,
document-transfer,prob01.pddl,fd,success,10.806329671293497,total,8.171107,,,,,,,,,8.165787,,,,,,,unsolvable,,,,,,,,,,,,
document-transfer,prob02.pddl,abs-fd,success,34.8630237467587,total,33.329196,0.157347,0.001985,0.139934,,0.011237,0.019467,,,,,,,32.974828,,,unknown,,3,0,,,,,,,8,document,
document-transfer,prob02.pddl,fd,success,6.329085040837526,total,3.090325,,,,,,,,,3.084759,,,,,,,unsolvable,,,,,,,,,,,,
document-transfer,prob03.pddl,abs-fd,success,435.9153852649033,total,433.674888,0.195666,0.002305,0.207036,,0.028928,0.033894,,,,,,,433.174827,,,unknown,,3,0,,,,,,,19,document,
document-transfer,prob03.pddl,fd,success,9.814992010593414,total,7.264923,,,,,,,,,7.259344,,,,,,,unsolvable,,,,,,,,,,,,
document-transfer,prob04.pddl,abs-fd,success,1016.6162395812571,total,1014.945302,0.178378,0.002122,0.181814,,0.022413,0.024067,,,,,,,1014.505467,,,unknown,,3,0,,,,,,,18,document,
document-transfer,prob04.pddl,fd,success,8.315347600728273,total,6.545328,,,,,,,,,6.54012,,,,,,,unsolvable,,,,,,,,,,,,
document-transfer,prob05.pddl,abs-fd,success,23.03028953820467,total,21.151682,0.191709,0.00164,0.195444,,0.033191,0.045362,,,,,,,20.649708,,,unknown,,3,0,,,,,,,18,document,
document-transfer,prob05.pddl,fd,success,7.299959193915129,total,5.493818,,,,,,,,,5.488215,,,,,,,unsolvable,,,,,,,,,,,,
document-transfer,prob06.pddl,abs-fd,success,4.315068032592535,total,0.691436,0.16511,0.001622,0.156642,,0.00796,0.012407,,,,,,,0.318704,,,unsolvable,,3,0,,,,,,,8,document,
document-transfer,prob06.pddl,fd,success,2.063842272385955,total,0.284858,,,,,,,,,0.280701,,,,,,,unsolvable,,,,,,,,,,,,
document-transfer,prob07.pddl,abs-fd,success,6.197384666651487,total,4.089271,0.189558,0.002618,0.172517,,0.030568,0.015476,,,,,,,3.634577,,,unknown,,3,0,,,,,,,28,document,
document-transfer,prob07.pddl,fd,interrupted,360.21387815102935,,,,,,,,,,,,,,,,,,,,,,,,,,,,,,
document-transfer,prob08.pddl,abs-fd,success,445.4656432569027,total,442.122305,0.203412,0.002985,0.238437,,0.026682,0.033504,,,,,,,441.580246,,,unknown,,3,0,,,,,,,17,document,
document-transfer,prob08.pddl,fd,interrupted,323.2811591811478,,,,,,,,,,,,,,,,,,,,,,,,,,,,,,
document-transfer,prob09.pddl,abs-fd,interrupted,677.489618588239,abstract_pddl_writing,,0.192614383995533,0.0015476606786251068,0.21475426107645035,,0.04689127951860428,0.039245348423719406,,,,,,,,,,,,3,0,,,,,,,26,document,
document-transfer,prob09.pddl,fd,success,6.722002388909459,total,4.697844,,,,,,,,,4.695232,,,,,,,unsolvable,,,,,,,,,,,,
document-transfer,prob10.pddl,abs-fd,timed out,1800.1165702305734,abstract_pddl_writing,,0.228677649050951,0.0022994577884674072,0.29260193929076195,,0.051216356456279755,0.13096078112721443,,,,,,,,,,,,3,0,,,,,,,22,document,
document-transfer,prob10.pddl,fd,interrupted,308.1659268811345,,,,,,,,,,,,,,,,,,,,,,,,,,,,,,
document-transfer,prob11.pddl,abs-fd,success,527.5924518294632,total,525.765026,0.206732,0.00352,0.246318,,0.055944,0.033692,,,,,,,525.176322,,,unknown,,3,0,,,,,,,34,document,
document-transfer,prob11.pddl,fd,interrupted,252.28064077347517,,,,,,,,,,,,,,,,,,,,,,,,,,,,,,
document-transfer,prob12.pddl,abs-fd,success,24.282618213444948,total,22.075539,0.234984,0.001736,0.363958,,0.102853,0.141858,,,,,,,21.198972,,,unsolvable,,3,0,,,,,,,46,document,
document-transfer,prob12.pddl,fd,success,6.093467731028795,total,2.733631,,,,,,,,,2.72761,,,,,,,unsolvable,,,,,,,,,,,,
document-transfer,prob13.pddl,abs-fd,success,361.2143009454012,total,358.93287,0.180211,0.00194,0.177493,,0.019425,0.030665,,,,,,,358.491477,,,unknown,,3,0,,,,,,,12,document,
document-transfer,prob13.pddl,fd,interrupted,331.8228807300329,,,,,,,,,,,,,,,,,,,,,,,,,,,,,,
document-transfer,prob14.pddl,abs-fd,success,748.2723896503448,total,745.498856,0.193935,0.002027,0.209097,,0.021773,0.027246,,,,,,,745.011323,,,unknown,,3,0,,,,,,,14,document,
document-transfer,prob14.pddl,fd,interrupted,305.0020980332047,,,,,,,,,,,,,,,,,,,,,,,,,,,,,,
document-transfer,prob15.pddl,abs-fd,interrupted,1130.806136135012,abstract_pddl_writing,,0.34333241172134876,0.0018354486674070358,0.6261692121624947,,0.19712219573557377,0.11351073533296585,,,,,,,,,,,,3,0,,,,,,,63,document,
document-transfer,prob15.pddl,fd,success,50.293768376111984,total,47.230212,,,,,,,,,47.223723,,,,,,,unsolvable,,,,,,,,,,,,
document-transfer,prob16.pddl,abs-fd,success,281.3729501478374,total,279.844392,0.299457,0.001843,0.488557,,0.157274,0.106481,,,,,,,278.761586,,,unsolvable,,3,0,,,,,,,55,document,
document-transfer,prob16.pddl,fd,success,5.733740463852882,total,4.208758,,,,,,,,,4.203113,,,,,,,unsolvable,,,,,,,,,,,,
document-transfer,prob17.pddl,abs-fd,interrupted,1070.6870242040604,abstract_pddl_writing,,0.30690752528607845,0.0017210952937602997,0.5099155846983194,,0.1583789885044098,0.10769304260611534,,,,,,,,,,,,3,0,,,,,,,53,document,
document-transfer,prob17.pddl,fd,success,33.10674509033561,total,30.571094,,,,,,,,,30.565372,,,,,,,unsolvable,,,,,,,,,,,,
document-transfer,prob18.pddl,abs-fd,timed out,1800.113920636475,abstract_pddl_writing,,0.20186986029148102,0.002308528870344162,0.24051498249173164,,0.03352529928088188,0.04126815125346184,,,,,,,,,,,,3,0,,,,,,,19,document,
document-transfer,prob18.pddl,fd,interrupted,286.02099708095193,,,,,,,,,,,,,,,,,,,,,,,,,,,,,,
document-transfer,prob19.pddl,abs-fd,success,20.381464511156082,total,18.338211,0.154911,0.001796,0.130815,,0.013477,0.012395,,,,,,,18.007492,,,unknown,,3,0,,,,,,,12,document,
document-transfer,prob19.pddl,fd,interrupted,316.41640555486083,,,,,,,,,,,,,,,,,,,,,,,,,,,,,,
document-transfer,prob20.pddl,abs-fd,interrupted,1093.4517923258245,abstract_pddl_writing,,0.24546396732330322,0.0018859170377254486,0.410084992647171,,0.11042973771691322,0.1911487877368927,,,,,,,,,,,,3,0,,,,,,,49,document,
document-transfer,prob20.pddl,fd,success,23.083558708429337,total,21.31363,,,,,,,,,21.308133,,,,,,,unsolvable,,,,,,,,,,,,
over-nomystery,prob01.pddl,abs-fd,success,8.143206246197224,total,5.096055,1.030781,0.003522,0.188382,,0.126464,2.741405,,,,,,,0.968276,,,unsolvable,,2,0,,,,,,,3,package,
over-nomystery,prob01.pddl,fd,success,2.082289144396782,total,0.304984,,,,,,,,,0.299895,,,,,,,unsolvable,,,,,,,,,,,,
over-nomystery,prob02.pddl,abs-fd,success,10.809329569339752,total,8.629318,0.893963,0.003906,0.183032,,0.098202,1.980833,,,,,,,5.429727,,,unsolvable,,2,0,,,,,,,2,package,
over-nomystery,prob02.pddl,fd,success,3.5512891337275505,total,0.376245,,,,,,,,,0.370558,,,,,,,unsolvable,,,,,,,,,,,,
over-nomystery,prob03.pddl,abs-fd,interrupted,724.1278202198446,abstract_pddl_writing,,2.50947143137455,0.006009858101606369,0.36822738870978355,,0.3301083706319332,12.84665073826909,,,,,,,,,,,,2,0,,,,,,,3,package,
over-nomystery,prob03.pddl,fd,interrupted,365.38036340102553,,,,,,,,,,,,,,,,,,,,,,,,,,,,,,
over-nomystery,prob04.pddl,abs-fd,interrupted,1235.9171690307558,abstract_pddl_writing,,6.571906395256519,0.012735698372125626,0.7830109260976315,,0.9404402375221252,57.77019565925002,,,,,,,,,,,,2,0,,,,,,,4,package,
over-nomystery,prob04.pddl,fd,success,4.495279410853982,total,1.460994,,,,,,,,,1.455448,,,,,,,unsolvable,,,,,,,,,,,,
over-nomystery,prob05.pddl,abs-fd,timed out,1800.1567794829607,abstract_pddl_writing,,6.907871872186661,0.013487961143255234,0.9103219509124756,,0.8849894665181637,60.48158161342144,,,,,,,,,,,,2,0,,,,,,,3,package,
over-nomystery,prob05.pddl,fd,interrupted,349.20237280242145,,,,,,,,,,,,,,,,,,,,,,,,,,,,,,
over-nomystery,prob06.pddl,abs-fd,success,37.19373260065913,total,33.173852,4.016734,0.008535,0.405374,,0.523794,26.58308,,,,,,,1.589525,,,unsolvable,,2,0,,,,,,,3,package,
over-nomystery,prob06.pddl,fd,success,75.64300666376948,total,73.868512,,,,,,,,,73.862264,,,,,,,unsolvable,,,,,,,,,,,,
over-nomystery,prob07.pddl,abs-fd,success,29.77472942881286,total,26.928376,2.832139,0.006794,0.323255,,0.36793,17.029679,,,,,,,6.344276,,,unsolvable,,2,0,,,,,,,2,package,
over-nomystery,prob07.pddl,fd,success,3.2157021574676037,total,0.561751,,,,,,,,,0.557089,,,,,,,unsolvable,,,,,,,,,,,,
over-nomystery,prob08.pddl,abs-fd,interrupted,682.2570399530232,abstract_pddl_writing,,11.715232577174902,0.020392268896102905,1.2024799138307571,,1.4366917237639427,129.39844294637442,,,,,,,,,,,,2,0,,,,,,,3,package,
over-nomystery,prob08.pddl,fd,interrupted,380.75074533745646,,,,,,,,,,,,,,,,,,,,,,,,,,,,,,
over-nomystery,prob09.pddl,abs-fd,interrupted,1202.8498903214931,abstract_pddl_writing,,30.40027939155698,0.05427774414420128,3.1296466663479805,,4.189075600355864,549.6873487718403,,,,,,,,,,,,2,0,,,,,,,4,package,
over-nomystery,prob09.pddl,fd,interrupted,323.40337343886495,,,,,,,,,,,,,,,,,,,,,,,,,,,,,,
over-nomystery,prob10.pddl,abs-fd,timed out,1800.4744400456548,abstract_pddl_writing,,30.47316112369299,0.04374518245458603,3.2027408815920353,,3.823034707456827,533.6808590367436,,,,,,,,,,,,2,0,,,,,,,3,package,
over-nomystery,prob10.pddl,fd,interrupted,318.3864926956594,,,,,,,,,,,,,,,,,,,,,,,,,,,,,,
over-nomystery,prob11.pddl,abs-fd,success,51.78142257779837,total,47.034199,5.273563,0.009499,0.497139,,0.678959,38.70602,,,,,,,1.826647,,,unsolvable,,2,0,,,,,,,3,package,
over-nomystery,prob11.pddl,fd,success,447.0952689088881,total,443.734727,,,,,,,,,443.727049,,,,,,,unsolvable,,,,,,,,,,,,
over-nomystery,prob12.pddl,abs-fd,success,43.574874360114336,total,39.845239,3.865508,0.008171,0.438271,,0.510014,28.211508,,,,,,,6.771636,,,unsolvable,,2,0,,,,,,,2,package,
over-nomystery,prob12.pddl,fd,success,5.835939344018698,total,2.988225,,,,,,,,,2.983409,,,,,,,unsolvable,,,,,,,,,,,,
over-nomystery,prob13.pddl,abs-fd,interrupted,731.547390025109,abstract_pddl_writing,,15.539818741381168,0.024120382964611053,1.5250025372952223,,1.967627853155136,190.54443410597742,,,,,,,,,,,,2,0,,,,,,,3,package,
over-nomystery,prob13.pddl,fd,interrupted,374.9111789725721,,,,,,,,,,,,,,,,,,,,,,,,,,,,,,
over-nomystery,prob14.pddl,abs-fd,interrupted,721.6520470231771,abstraction,,42.31856854259968,0.061376262456178665,4.286552920937538,,5.608504939824343,,,,,,,,,,,,,2,0,,,,,,,4,package,
over-nomystery,prob14.pddl,fd,interrupted,346.81842118501663,,,,,,,,,,,,,,,,,,,,,,,,,,,,,,
over-nomystery,prob15.pddl,abs-fd,interrupted,717.1282801665366,abstraction,,37.926301937550306,0.05746039003133774,3.755772989243269,,5.311115954071283,,,,,,,,,,,,,2,0,,,,,,,3,package,
over-nomystery,prob15.pddl,fd,interrupted,320.3308075107634,,,,,,,,,,,,,,,,,,,,,,,,,,,,,,
over-nomystery,prob16.pddl,abs-fd,success,59.82431299239397,total,52.564088,5.617008,0.010004,0.537492,,0.694277,43.761741,,,,,,,1.89716,,,unsolvable,,2,0,,,,,,,3,package,
over-nomystery,prob16.pddl,fd,success,455.72597448155284,total,453.145235,,,,,,,,,453.138878,,,,,,,unsolvable,,,,,,,,,,,,
over-nomystery,prob17.pddl,abs-fd,success,43.659409772604704,total,39.275847,3.798971,0.007862,0.424748,,0.498155,27.717048,,,,,,,6.795588,,,unsolvable,,2,0,,,,,,,2,package,
over-nomystery,prob17.pddl,fd,success,5.4547807686030865,total,2.883174,,,,,,,,,2.878875,,,,,,,unsolvable,,,,,,,,,,,,
over-nomystery,prob18.pddl,abs-fd,interrupted,726.7526491992176,abstract_pddl_writing,,15.700817056000233,0.023348800837993622,1.5590525679290295,,1.978292804211378,192.11185774952173,,,,,,,,,,,,2,0,,,,,,,3,package,
over-nomystery,prob18.pddl,fd,interrupted,367.48185370489955,,,,,,,,,,,,,,,,,,,,,,,,,,,,,,
over-nomystery,prob19.pddl,abs-fd,interrupted,761.204081967473,abstraction,,42.77471415698528,0.066546980291605,4.371837109327316,,5.74274281039834,,,,,,,,,,,,,2,0,,,,,,,4,package,
over-nomystery,prob19.pddl,fd,interrupted,349.521927151829,,,,,,,,,,,,,,,,,,,,,,,,,,,,,,
over-nomystery,prob20.pddl,abs-fd,interrupted,752.7513913661242,abstraction,,44.855874478816986,0.06697653606534004,4.610587023198605,,5.452309425920248,,,,,,,,,,,,,2,0,,,,,,,3,package,
over-nomystery,prob20.pddl,fd,interrupted,317.05961932986975,,,,,,,,,,,,,,,,,,,,,,,,,,,,,,
over-nomystery,prob21.pddl,abs-fd,success,81.06238336861134,total,72.72262,7.059908,0.012045,0.705081,,0.905532,60.725916,,,,,,,3.269938,,,unsolvable,,2,0,,,,,,,3,package,
over-nomystery,prob21.pddl,fd,success,158.4984194226563,total,155.056557,,,,,,,,,155.05143,,,,,,,unsolvable,,,,,,,,,,,,
over-nomystery,prob22.pddl,abs-fd,interrupted,459.16688700020313,abstract_pddl_writing,,10.207647416740656,0.01670403778553009,0.969692800194025,,1.1623872146010399,106.59878094494343,,,,,,,,,,,,2,0,,,,,,,2,package,
over-nomystery,prob22.pddl,fd,interrupted,413.22112926468253,,,,,,,,,,,,,,,,,,,,,,,,,,,,,,
over-nomystery,prob23.pddl,abs-fd,interrupted,730.6442891694605,abstract_pddl_writing,,20.54056833870709,0.037678612396121025,1.8242418393492699,,3.1832297574728727,348.3627441227436,,,,,,,,,,,,2,0,,,,,,,4,package,
over-nomystery,prob23.pddl,fd,interrupted,420.79477086663246,,,,,,,,,,,,,,,,,,,,,,,,,,,,,,
over-nomystery,prob24.pddl,abs-fd,interrupted,734.5255784206092,abstraction,,38.01842664182186,0.052745260298252106,3.6033151149749756,,5.409009914845228,,,,,,,,,,,,,2,0,,,,,,,4,package,
over-nomystery,prob24.pddl,fd,interrupted,376.628476312384,,,,,,,,,,,,,,,,,,,,,,,,,,,,,,
over-rovers,prob01.pddl,abs-fd,success,6.719438795000315,total,4.388001,0.72189,0.0053,0.152525,,0.084791,1.338241,,,,,,,2.063507,,,unsolvable,,0,0,,,,,,,2,objective,
over-rovers,prob01.pddl,fd,success,4.122548941522837,total,1.969115,,,,,,,,,1.966976,,,,,,,unsolvable,,,,,,,,,,,,
over-rovers,prob02.pddl,abs-fd,success,7.0271888598799706,total,4.610155,0.766494,0.005313,0.163145,,0.086684,1.342596,,,,,,,2.207215,,,unsolvable,,0,0,,,,,,,2,objective,
over-rovers,prob02.pddl,fd,success,4.07990887016058,total,1.967701,,,,,,,,,1.96565,,,,,,,unsolvable,,,,,,,,,,,,
over-rovers,prob04.pddl,abs-fd,success,11.429001439362764,total,8.096651,1.374566,0.006722,0.257064,,0.165028,4.088781,,,,,,,2.169007,,,unsolvable,,1,0,,,,,,,2,camera,
over-rovers,prob04.pddl,fd,success,64.5163674429059,total,62.421342,,,,,,,,,62.418436,,,,,,,unsolvable,,,,,,,,,,,,
over-rovers,prob05.pddl,abs-fd,success,4.394838333129883,total,2.177033,0.594969,0.004951,0.160171,,0.077495,0.590463,,,,,,,0.726247,,,unsolvable,,1,0,,,,,,,3,camera,
over-rovers,prob05.pddl,fd,success,18.803761072456837,total,16.739302,,,,,,,,,16.73675,,,,,,,unsolvable,,,,,,,,,,,,
over-rovers,prob06.pddl,abs-fd,success,487.7418800573796,total,485.282887,1.243722,0.006525,0.228345,,0.165464,3.597237,,,,,,,480.015856,,,unsolvable,,1,0,,,,,,,2,camera,
over-rovers,prob06.pddl,fd,interrupted,1089.7472872920334,,,,,,,,,,,,,,,,,,,,,,,,,,,,,,
over-rovers,prob07.pddl,abs-fd,interrupted,955.409144371748,abstract_pddl_writing,,3.160864260047674,0.008792608976364136,0.42179083451628685,,0.3615582473576069,14.550163734704256,,,,,,,,,,,,1,0,,,,,,,2,camera,
over-rovers,prob07.pddl,fd,interrupted,987.0632568206638,,,,,,,,,,,,,,,,,,,,,,,,,,,,,,
over-rovers,prob08.pddl,abs-fd,success,12.200593255460262,total,10.051907,1.060851,0.005682,0.229441,,0.118723,1.716269,,,,,,,6.880894,,,unsolvable,,1,0,,,,,,,2,camera,
over-rovers,prob08.pddl,fd,success,54.16830603219569,total,52.209928,,,,,,,,,52.206913,,,,,,,unsolvable,,,,,,,,,,,,
over-rovers,prob09.pddl,abs-fd,success,4.378576498478651,total,2.215154,0.70671,0.005661,0.196052,,0.097399,0.745134,,,,,,,0.442694,,,unsolvable,,1,0,,,,,,,3,camera,
over-rovers,prob09.pddl,fd,success,246.121851246804,total,244.160973,,,,,,,,,244.156602,,,,,,,unsolvable,,,,,,,,,,,,
over-rovers,prob10.pddl,abs-fd,success,791.100983157754,total,787.945446,1.647842,0.006626,0.357937,,0.196414,4.224948,,,,,,,781.474531,,,unsolvable,,1,0,,,,,,,2,camera,
over-rovers,prob10.pddl,fd,success,1157.7667223960161,total,1155.972389,,,,,,,,,1155.965289,,,,,,,unsolvable,,,,,,,,,,,,
over-rovers,prob11.pddl,abs-fd,interrupted,724.4668059907854,abstract_pddl_writing,,1.0367388986051083,0.006063777953386307,0.26776548102498055,,0.13140638172626495,1.7932216636836529,,,,,,,,,,,,1,0,,,,,,,2,camera,
over-rovers,prob11.pddl,fd,interrupted,744.6640589758754,,,,,,,,,,,,,,,,,,,,,,,,,,,,,,
over-rovers,prob12.pddl,abs-fd,interrupted,825.7859076708555,abstract_pddl_writing,,1.5628628879785538,0.007068701088428497,0.34320536628365517,,0.19647521525621414,3.9847459383308887,,,,,,,,,,,,1,0,,,,,,,2,camera,
over-rovers,prob12.pddl,fd,interrupted,917.148080676794,,,,,,,,,,,,,,,,,,,,,,,,,,,,,,
over-rovers,prob13.pddl,abs-fd,interrupted,731.3301218543202,abstract_pddl_writing,,3.2542651500552893,0.009428396821022034,0.6651675850152969,,0.37417334876954556,14.307087190449238,,,,,,,,,,,,1,0,,,,,,,2,camera,
over-rovers,prob13.pddl,fd,interrupted,840.0275293514132,,,,,,,,,,,,,,,,,,,,,,,,,,,,,,
over-rovers,prob14.pddl,abs-fd,interrupted,803.827392809093,abstract_pddl_writing,,2.3225440941751003,0.00789438933134079,0.5287014655768871,,0.3680235184729099,8.76471784338355,,,,,,,,,,,,1,0,,,,,,,4,camera,
over-rovers,prob14.pddl,fd,interrupted,1057.8007213436067,,,,,,,,,,,,,,,,,,,,,,,,,,,,,,
over-rovers,prob15.pddl,abs-fd,interrupted,684.2361282221973,abstract_pddl_writing,,3.379029594361782,0.009467722848057747,0.728927556425333,,0.44390526227653027,15.042025024071336,,,,,,,,,,,,1,0,,,,,,,3,camera,
over-rovers,prob15.pddl,fd,interrupted,873.5899860486388,,,,,,,,,,,,,,,,,,,,,,,,,,,,,,
over-rovers,prob16.pddl,abs-fd,interrupted,822.718643989414,abstract_pddl_writing,,4.249629285186529,0.010326799005270004,0.8360148631036282,,0.5400667116045952,21.698886893689632,,,,,,,,,,,,1,0,,,,,,,3,camera,
over-rovers,prob16.pddl,fd,interrupted,923.1000594440848,,,,,,,,,,,,,,,,,,,,,,,,,,,,,,
over-rovers,prob17.pddl,abs-fd,interrupted,858.5090046599507,abstract_pddl_writing,,1.8161091767251492,0.007212303578853607,0.5304798856377602,,0.23574234172701836,3.778518319129944,,,,,,,,,,,,1,0,,,,,,,3,camera,
over-rovers,prob17.pddl,fd,interrupted,1023.0835277549922,,,,,,,,,,,,,,,,,,,,,,,,,,,,,,
over-rovers,prob18.pddl,abs-fd,interrupted,754.9375457428396,abstract_pddl_writing,,5.565318360924721,0.013024251908063889,1.237197682261467,,0.7025206498801708,34.64335533976555,,,,,,,,,,,,1,0,,,,,,,3,camera,
over-rovers,prob18.pddl,fd,interrupted,815.7879718951881,,,,,,,,,,,,,,,,,,,,,,,,,,,,,,
over-rovers,prob19.pddl,abs-fd,interrupted,834.642794907093,abstract_pddl_writing,,3.4045660346746445,0.009685151278972626,0.8815935924649239,,0.44830816984176636,14.221516106277704,,,,,,,,,,,,1,0,,,,,,,3,camera,
over-rovers,prob19.pddl,fd,interrupted,892.2206028811634,,,,,,,,,,,,,,,,,,,,,,,,,,,,,,
over-rovers,prob20.pddl,abs-fd,interrupted,789.9070645309985,abstract_pddl_writing,,3.012395117431879,0.009359199553728104,0.7465484626591206,,0.43973031267523766,13.565318431705236,,,,,,,,,,,,1,0,,,,,,,3,camera,
over-rovers,prob20.pddl,fd,interrupted,842.8517555072904,,,,,,,,,,,,,,,,,,,,,,,,,,,,,,
pegsol-row5,prob01.pddl,abs-fd,success,1.9587807320058346,total,0.222231,0.123473,,0.095371,,,,,,,,,,,,,unsolvable,,,,,,,,,,,,
pegsol-row5,prob01.pddl,fd,success,2.2710974775254726,total,0.16525,,,,,,,,,0.162892,,,,,,,unsolvable,,,,,,,,,,,,
tetris,prob06.pddl,abs-fd,interrupted,667.3449586480856,abstract_pddl_writing,,0.30478864163160324,0.6382430829107761,0.5663787089288235,,2.0538667887449265,0.8026243187487125,,,,,,,,,,,,1,0,,,,,,,2,one_square,
tetris,prob06.pddl,fd,timed out,1800.1143656075,,,,,,,,,,,,,,,,,,,,,,,,,,,,,,
tetris,prob07.pddl,abs-fd,interrupted,671.2808588389307,abstract_pddl_writing,,0.3179518021643162,0.6447444986552,0.5717681311070919,,2.0185405798256397,0.8055872805416584,,,,,,,,,,,,1,0,,,,,,,2,one_square,
tetris,prob07.pddl,fd,timed out,1800.1138675697148,,,,,,,,,,,,,,,,,,,,,,,,,,,,,,
tetris,prob08.pddl,abs-fd,interrupted,652.7082505300641,abstract_pddl_writing,,0.28937506675720215,0.6340521983802319,0.5414741933345795,,2.0339729227125645,0.7983387932181358,,,,,,,,,,,,1,0,,,,,,,2,one_square,
tetris,prob08.pddl,fd,timed out,1800.1141548231244,,,,,,,,,,,,,,,,,,,,,,,,,,,,,,
tetris,prob09.pddl,abs-fd,interrupted,671.3481691740453,abstract_pddl_writing,,0.32878923043608665,0.6531174331903458,0.5910501144826412,,2.044552218168974,0.8109080083668232,,,,,,,,,,,,1,0,,,,,,,2,one_square,
tetris,prob09.pddl,fd,timed out,1800.1135698892176,,,,,,,,,,,,,,,,,,,,,,,,,,,,,,
tetris,prob10.pddl,abs-fd,interrupted,683.3062999807298,abstract_pddl_writing,,0.33506807684898376,0.6611852198839188,0.5900760553777218,,2.0617952793836594,0.8259912244975567,,,,,,,,,,,,1,0,,,,,,,2,one_square,
tetris,prob10.pddl,fd,timed out,1800.1101510114968,,,,,,,,,,,,,,,,,,,,,,,,,,,,,,
tetris,prob11.pddl,abs-fd,interrupted,660.0790524892509,abstract_pddl_writing,,0.28990980982780457,1.172719370573759,0.9203810319304466,,4.080438662320375,1.106769870966673,,,,,,,,,,,,1,0,,,,,,,3,one_square,
tetris,prob11.pddl,fd,timed out,1800.1131281107664,,,,,,,,,,,,,,,,,,,,,,,,,,,,,,
tetris,prob12.pddl,abs-fd,interrupted,687.2938707731664,abstract_pddl_writing,,0.335998959839344,1.184467650949955,1.013792246580124,,4.117416489869356,1.156208697706461,,,,,,,,,,,,1,0,,,,,,,3,one_square,
tetris,prob12.pddl,fd,timed out,1800.1129301413894,,,,,,,,,,,,,,,,,,,,,,,,,,,,,,
tetris,prob13.pddl,abs-fd,interrupted,665.7319767735898,abstract_pddl_writing,,0.31847303733229637,1.1557060293853283,0.9754087403416634,,4.088949464261532,1.1181824915111065,,,,,,,,,,,,1,0,,,,,,,3,one_square,
tetris,prob13.pddl,fd,timed out,1800.113770827651,,,,,,,,,,,,,,,,,,,,,,,,,,,,,,
tetris,prob14.pddl,abs-fd,interrupted,655.9832943528891,abstract_pddl_writing,,0.29180220142006874,1.1479379013180733,0.9383166395127773,,4.03005488589406,1.109992802143097,,,,,,,,,,,,1,0,,,,,,,3,one_square,
tetris,prob14.pddl,fd,timed out,1800.1142338588834,,,,,,,,,,,,,,,,,,,,,,,,,,,,,,
tetris,prob15.pddl,abs-fd,interrupted,654.6219882369041,abstract_pddl_writing,,0.3884950503706932,1.211294163018465,0.918475616723299,,4.084241420030594,1.1404510997235775,,,,,,,,,,,,1,0,,,,,,,3,one_square,
tetris,prob15.pddl,fd,timed out,1800.11312058568,,,,,,,,,,,,,,,,,,,,,,,,,,,,,,
tetris,prob16.pddl,abs-fd,interrupted,177.8029903434217,abstract_pddl_writing,,0.3054097965359688,3.9786203280091286,1.8797611892223358,,12.708102062344551,1.6230144873261452,,,,,,,,,,,,4,0,,,,,,,3,right_l,
tetris,prob16.pddl,fd,timed out,1800.1063751652837,,,,,,,,,,,,,,,,,,,,,,,,,,,,,,
tetris,prob17.pddl,abs-fd,interrupted,178.00064343586564,abstract_pddl_writing,,0.3441948741674423,4.022616785019636,2.019964337348938,,12.582732237875462,1.6447994746267796,,,,,,,,,,,,4,0,,,,,,,3,right_l,
tetris,prob17.pddl,fd,timed out,1800.1115738414228,,,,,,,,,,,,,,,,,,,,,,,,,,,,,,
tetris,prob18.pddl,abs-fd,interrupted,174.13163597881794,abstract_pddl_writing,,0.3045831508934498,4.039517231285572,1.9049552157521248,,12.767717387527227,1.6214845292270184,,,,,,,,,,,,4,0,,,,,,,3,right_l,
tetris,prob18.pddl,fd,timed out,1800.115177705884,,,,,,,,,,,,,,,,,,,,,,,,,,,,,,
tetris,prob19.pddl,abs-fd,interrupted,158.75949012488127,abstract_pddl_writing,,0.29756978526711464,3.9796323254704475,1.85871072858572,,12.686466425657272,1.6170410178601742,,,,,,,,,,,,4,0,,,,,,,3,right_l,
tetris,prob19.pddl,fd,timed out,1800.1130293793976,,,,,,,,,,,,,,,,,,,,,,,,,,,,,,
tetris,prob20.pddl,abs-fd,interrupted,158.70662408694625,abstract_pddl_writing,,0.3043762482702732,3.980866711586714,1.855155274271965,,12.730354022234678,1.6179859526455402,,,,,,,,,,,,4,0,,,,,,,3,right_l,
tetris,prob20.pddl,fd,timed out,1800.1145902238786,,,,,,,,,,,,,,,,,,,,,,,,,,,,,,
